Item Name,ID,Max Stack Size,Has Block,Creative Tabs,Assigned To,Hall,Section,Side,Slice,Row,MIS Number,MIS Slot
Acacia Button,acacia_button,64,Yes,building_blocks,None,,,,,,,
Acacia Door,acacia_door,64,Yes,building_blocks,None,,,,,,,
Acacia Fence,acacia_fence,64,Yes,building_blocks,None,,,,,,,
Acacia Fence Gate,acacia_fence_gate,64,Yes,building_blocks,None,,,,,,,
Acacia Hanging Sign,acacia_hanging_sign,16,Yes,functional_blocks,None,,,,,,,
Acacia Leaves,acacia_leaves,64,Yes,natural_blocks,None,,,,,,,
Acacia Log,acacia_log,64,Yes,building_blocks; natural_blocks,None,,,,,,,
Acacia Planks,acacia_planks,64,Yes,building_blocks,None,,,,,,,
Acacia Pressure Plate,acacia_pressure_plate,64,Yes,building_blocks,None,,,,,,,
Acacia Sapling,acacia_sapling,64,Yes,natural_blocks,None,,,,,,,
Acacia Sign,acacia_sign,16,Yes,functional_blocks,None,,,,,,,
Acacia Slab,acacia_slab,64,Yes,building_blocks,None,,,,,,,
Acacia Stairs,acacia_stairs,64,Yes,building_blocks,None,,,,,,,
Acacia Trapdoor,acacia_trapdoor,64,Yes,building_blocks,None,,,,,,,
Acacia Wood,acacia_wood,64,Yes,building_blocks,None,,,,,,,
Activator Rail,activator_rail,64,Yes,redstone_blocks; tools_and_utilities,None,,,,,,,
Allium,allium,64,Yes,natural_blocks,None,,,,,,,
Amethyst Block,amethyst_block,64,Yes,building_blocks; natural_blocks; redstone_blocks,None,,,,,,,
Amethyst Cluster,amethyst_cluster,64,Yes,natural_blocks,None,,,,,,,
Amethyst Shard,amethyst_shard,64,No,ingredients,None,,,,,,,
Ancient Debris,ancient_debris,64,Yes,natural_blocks; ingredients,None,,,,,,,
Andesite,andesite,64,Yes,building_blocks; natural_blocks,None,,,,,,,
Andesite Slab,andesite_slab,64,Yes,building_blocks,None,,,,,,,
Andesite Stairs,andesite_stairs,64,Yes,building_blocks,None,,,,,,,
Andesite Wall,andesite_wall,64,Yes,building_blocks,None,,,,,,,
Angler Pottery Sherd,angler_pottery_sherd,64,No,ingredients,None,,,,,,,
Anvil,anvil,64,Yes,functional_blocks,None,,,,,,,
Apple,apple,64,No,food_and_drinks,None,,,,,,,
Archer Pottery Sherd,archer_pottery_sherd,64,No,ingredients,None,,,,,,,
Armadillo Scute,armadillo_scute,64,No,ingredients,None,,,,,,,
Armor Stand,armor_stand,16,No,functional_blocks; redstone_blocks,None,,,,,,,
Arms Up Pottery Sherd,arms_up_pottery_sherd,64,No,ingredients,None,,,,,,,
Arrow,arrow,64,No,combat,None,,,,,,,
Azalea,azalea,64,Yes,natural_blocks,None,,,,,,,
Azalea Leaves,azalea_leaves,64,Yes,natural_blocks,None,,,,,,,
Azure Bluet,azure_bluet,64,Yes,natural_blocks,None,,,,,,,
Baked Potato,baked_potato,64,No,food_and_drinks,None,,,,,,,
Bamboo,bamboo,64,Yes,natural_blocks,None,,,,,,,
Bamboo Block,bamboo_block,64,Yes,building_blocks,None,,,,,,,
Bamboo Button,bamboo_button,64,Yes,building_blocks,None,,,,,,,
Bamboo Door,bamboo_door,64,Yes,building_blocks,None,,,,,,,
Bamboo Fence,bamboo_fence,64,Yes,building_blocks,None,,,,,,,
Bamboo Fence Gate,bamboo_fence_gate,64,Yes,building_blocks,None,,,,,,,
Bamboo Hanging Sign,bamboo_hanging_sign,16,Yes,functional_blocks,None,,,,,,,
Bamboo Mosaic,bamboo_mosaic,64,Yes,building_blocks,None,,,,,,,
Bamboo Mosaic Slab,bamboo_mosaic_slab,64,Yes,building_blocks,None,,,,,,,
Bamboo Mosaic Stairs,bamboo_mosaic_stairs,64,Yes,building_blocks,None,,,,,,,
Bamboo Planks,bamboo_planks,64,Yes,building_blocks,None,,,,,,,
Bamboo Pressure Plate,bamboo_pressure_plate,64,Yes,building_blocks,None,,,,,,,
Bamboo Sign,bamboo_sign,16,Yes,functional_blocks,None,,,,,,,
Bamboo Slab,bamboo_slab,64,Yes,building_blocks,None,,,,,,,
Bamboo Stairs,bamboo_stairs,64,Yes,building_blocks,None,,,,,,,
Bamboo Trapdoor,bamboo_trapdoor,64,Yes,building_blocks,None,,,,,,,
Barrel,barrel,64,Yes,functional_blocks; redstone_blocks,None,,,,,,,
Basalt,basalt,64,Yes,building_blocks; natural_blocks,None,,,,,,,
Beacon,beacon,64,Yes,functional_blocks,None,,,,,,,
Bee Nest,bee_nest,64,Yes,natural_blocks; functional_blocks,None,,,,,,,
Beef,beef,64,No,food_and_drinks,None,,,,,,,
Beehive,beehive,64,Yes,functional_blocks,None,,,,,,,
Beetroot,beetroot,64,No,food_and_drinks,None,,,,,,,
Beetroot Seeds,beetroot_seeds,64,No,natural_blocks,None,,,,,,,
Bell,bell,64,Yes,functional_blocks; redstone_blocks,None,,,,,,,
Big Dripleaf,big_dripleaf,64,Yes,natural_blocks; redstone_blocks,None,,,,,,,
Birch Button,birch_button,64,Yes,building_blocks,None,,,,,,,
Birch Door,birch_door,64,Yes,building_blocks,None,,,,,,,
Birch Fence,birch_fence,64,Yes,building_blocks,None,,,,,,,
Birch Fence Gate,birch_fence_gate,64,Yes,building_blocks,None,,,,,,,
Birch Hanging Sign,birch_hanging_sign,16,Yes,functional_blocks,None,,,,,,,
Birch Leaves,birch_leaves,64,Yes,natural_blocks,None,,,,,,,
Birch Log,birch_log,64,Yes,building_blocks; natural_blocks,None,,,,,,,
Birch Planks,birch_planks,64,Yes,building_blocks,None,,,,,,,
Birch Pressure Plate,birch_pressure_plate,64,Yes,building_blocks,None,,,,,,,
Birch Sapling,birch_sapling,64,Yes,natural_blocks,None,,,,,,,
Birch Sign,birch_sign,16,Yes,functional_blocks,None,,,,,,,
Birch Slab,birch_slab,64,Yes,building_blocks,None,,,,,,,
Birch Stairs,birch_stairs,64,Yes,building_blocks,None,,,,,,,
Birch Trapdoor,birch_trapdoor,64,Yes,building_blocks,None,,,,,,,
Birch Wood,birch_wood,64,Yes,building_blocks,None,,,,,,,
Black Banner,black_banner,16,Yes,colored_blocks; functional_blocks,None,,,,,,,
Black Candle,black_candle,64,Yes,colored_blocks; functional_blocks,None,,,,,,,
Black Carpet,black_carpet,64,Yes,colored_blocks,None,,,,,,,
Black Concrete,black_concrete,64,Yes,colored_blocks,None,,,,,,,
Black Concrete Powder,black_concrete_powder,64,Yes,colored_blocks,None,,,,,,,
Black Dye,black_dye,64,No,ingredients,None,,,,,,,
Black Glazed Terracotta,black_glazed_terracotta,64,Yes,colored_blocks,None,,,,,,,
Black Stained Glass,black_stained_glass,64,Yes,colored_blocks,None,,,,,,,
Black Stained Glass Pane,black_stained_glass_pane,64,Yes,colored_blocks,None,,,,,,,
Black Terracotta,black_terracotta,64,Yes,colored_blocks,None,,,,,,,
Black Wool,black_wool,64,Yes,colored_blocks,None,,,,,,,
Blackstone,blackstone,64,Yes,building_blocks; natural_blocks,None,,,,,,,
Blackstone Slab,blackstone_slab,64,Yes,building_blocks,None,,,,,,,
Blackstone Stairs,blackstone_stairs,64,Yes,building_blocks,None,,,,,,,
Blackstone Wall,blackstone_wall,64,Yes,building_blocks,None,,,,,,,
Blade Pottery Sherd,blade_pottery_sherd,64,No,ingredients,None,,,,,,,
Blast Furnace,blast_furnace,64,Yes,functional_blocks,None,,,,,,,
Blaze Powder,blaze_powder,64,No,ingredients,None,,,,,,,
Blaze Rod,blaze_rod,64,No,ingredients,None,,,,,,,
Blue Banner,blue_banner,16,Yes,colored_blocks; functional_blocks,None,,,,,,,
Blue Candle,blue_candle,64,Yes,colored_blocks; functional_blocks,None,,,,,,,
Blue Carpet,blue_carpet,64,Yes,colored_blocks,None,,,,,,,
Blue Concrete,blue_concrete,64,Yes,colored_blocks,None,,,,,,,
Blue Concrete Powder,blue_concrete_powder,64,Yes,colored_blocks,None,,,,,,,
Blue Dye,blue_dye,64,No,ingredients,None,,,,,,,
Blue Egg,blue_egg,16,No,combat; ingredients,None,,,,,,,
Blue Glazed Terracotta,blue_glazed_terracotta,64,Yes,colored_blocks,None,,,,,,,
Blue Ice,blue_ice,64,Yes,natural_blocks,None,,,,,,,
Blue Orchid,blue_orchid,64,Yes,natural_blocks,None,,,,,,,
Blue Stained Glass,blue_stained_glass,64,Yes,colored_blocks,None,,,,,,,
Blue Stained Glass Pane,blue_stained_glass_pane,64,Yes,colored_blocks,None,,,,,,,
Blue Terracotta,blue_terracotta,64,Yes,colored_blocks,None,,,,,,,
Blue Wool,blue_wool,64,Yes,colored_blocks,None,,,,,,,
Bolt Armor Trim Smithing Template,bolt_armor_trim_smithing_template,64,No,ingredients,None,,,,,,,
Bone,bone,64,No,ingredients,None,,,,,,,
Bone Block,bone_block,64,Yes,natural_blocks,None,,,,,,,
Bone Meal,bone_meal,64,No,tools_and_utilities; ingredients,None,,,,,,,
Book,book,64,No,ingredients,None,,,,,,,
Bookshelf,bookshelf,64,Yes,functional_blocks,None,,,,,,,
Bowl,bowl,64,No,ingredients,None,,,,,,,
Brain Coral,brain_coral,64,Yes,natural_blocks,None,,,,,,,
Brain Coral Block,brain_coral_block,64,Yes,natural_blocks,None,,,,,,,
Brain Coral Fan,brain_coral_fan,64,Yes,natural_blocks,None,,,,,,,
Bread,bread,64,No,food_and_drinks,None,,,,,,,
Breeze Rod,breeze_rod,64,No,ingredients,None,,,,,,,
Brewer Pottery Sherd,brewer_pottery_sherd,64,No,ingredients,None,,,,,,,
Brewing Stand,brewing_stand,64,Yes,functional_blocks,None,,,,,,,
Brick,brick,64,No,ingredients,None,,,,,,,
Brick Slab,brick_slab,64,Yes,building_blocks,None,,,,,,,
Brick Stairs,brick_stairs,64,Yes,building_blocks,None,,,,,,,
Brick Wall,brick_wall,64,Yes,building_blocks,None,,,,,,,
Bricks,bricks,64,Yes,building_blocks,None,,,,,,,
Brown Banner,brown_banner,16,Yes,colored_blocks; functional_blocks,None,,,,,,,
Brown Candle,brown_candle,64,Yes,colored_blocks; functional_blocks,None,,,,,,,
Brown Carpet,brown_carpet,64,Yes,colored_blocks,None,,,,,,,
Brown Concrete,brown_concrete,64,Yes,colored_blocks,None,,,,,,,
Brown Concrete Powder,brown_concrete_powder,64,Yes,colored_blocks,None,,,,,,,
Brown Dye,brown_dye,64,No,ingredients,None,,,,,,,
Brown Egg,brown_egg,16,No,combat; ingredients,None,,,,,,,
Brown Glazed Terracotta,brown_glazed_terracotta,64,Yes,colored_blocks,None,,,,,,,
Brown Mushroom,brown_mushroom,64,Yes,natural_blocks,None,,,,,,,
Brown Mushroom Block,brown_mushroom_block,64,Yes,natural_blocks,None,,,,,,,
Brown Stained Glass,brown_stained_glass,64,Yes,colored_blocks,None,,,,,,,
Brown Stained Glass Pane,brown_stained_glass_pane,64,Yes,colored_blocks,None,,,,,,,
Brown Terracotta,brown_terracotta,64,Yes,colored_blocks,None,,,,,,,
Brown Wool,brown_wool,64,Yes,colored_blocks,None,,,,,,,
Bubble Coral,bubble_coral,64,Yes,natural_blocks,None,,,,,,,
Bubble Coral Block,bubble_coral_block,64,Yes,natural_blocks,None,,,,,,,
Bubble Coral Fan,bubble_coral_fan,64,Yes,natural_blocks,None,,,,,,,
Bucket,bucket,16,No,tools_and_utilities,None,,,,,,,
Budding Amethyst,budding_amethyst,64,Yes,natural_blocks,None,,,,,,,
Burn Pottery Sherd,burn_pottery_sherd,64,No,ingredients,None,,,,,,,
Bush,bush,64,Yes,natural_blocks,None,,,,,,,
Cactus,cactus,64,Yes,natural_blocks,None,,,,,,,
Cactus Flower,cactus_flower,64,Yes,natural_blocks,None,,,,,,,
Calcite,calcite,64,Yes,natural_blocks,None,,,,,,,
Calibrated Sculk Sensor,calibrated_sculk_sensor,64,Yes,redstone_blocks,None,,,,,,,
Campfire,campfire,64,Yes,functional_blocks,None,,,,,,,
Candle,candle,64,Yes,colored_blocks; functional_blocks,None,,,,,,,
Carrot,carrot,64,No,food_and_drinks,None,,,,,,,
Cartography Table,cartography_table,64,Yes,functional_blocks,None,,,,,,,
Carved Pumpkin,carved_pumpkin,64,Yes,natural_blocks,None,,,,,,,
Cauldron,cauldron,64,Yes,functional_blocks; redstone_blocks,None,,,,,,,
Chain,chain,64,Yes,building_blocks; functional_blocks,None,,,,,,,
Charcoal,charcoal,64,No,ingredients,None,,,,,,,
Cherry Button,cherry_button,64,Yes,building_blocks,None,,,,,,,
Cherry Door,cherry_door,64,Yes,building_blocks,None,,,,,,,
Cherry Fence,cherry_fence,64,Yes,building_blocks,None,,,,,,,
Cherry Fence Gate,cherry_fence_gate,64,Yes,building_blocks,None,,,,,,,
Cherry Hanging Sign,cherry_hanging_sign,16,Yes,functional_blocks,None,,,,,,,
Cherry Leaves,cherry_leaves,64,Yes,natural_blocks,None,,,,,,,
Cherry Log,cherry_log,64,Yes,building_blocks; natural_blocks,None,,,,,,,
Cherry Planks,cherry_planks,64,Yes,building_blocks,None,,,,,,,
Cherry Pressure Plate,cherry_pressure_plate,64,Yes,building_blocks,None,,,,,,,
Cherry Sapling,cherry_sapling,64,Yes,natural_blocks,None,,,,,,,
Cherry Sign,cherry_sign,16,Yes,functional_blocks,None,,,,,,,
Cherry Slab,cherry_slab,64,Yes,building_blocks,None,,,,,,,
Cherry Stairs,cherry_stairs,64,Yes,building_blocks,None,,,,,,,
Cherry Trapdoor,cherry_trapdoor,64,Yes,building_blocks,None,,,,,,,
Cherry Wood,cherry_wood,64,Yes,building_blocks,None,,,,,,,
Chest,chest,64,Yes,functional_blocks; redstone_blocks,None,,,,,,,
Chicken,chicken,64,No,food_and_drinks,None,,,,,,,
Chipped Anvil,chipped_anvil,64,Yes,functional_blocks,None,,,,,,,
Chiseled Bookshelf,chiseled_bookshelf,64,Yes,functional_blocks; redstone_blocks,None,,,,,,,
Chiseled Copper,chiseled_copper,64,Yes,building_blocks,None,,,,,,,
Chiseled Deepslate,chiseled_deepslate,64,Yes,building_blocks,None,,,,,,,
Chiseled Nether Bricks,chiseled_nether_bricks,64,Yes,building_blocks,None,,,,,,,
Chiseled Polished Blackstone,chiseled_polished_blackstone,64,Yes,building_blocks,None,,,,,,,
Chiseled Quartz Block,chiseled_quartz_block,64,Yes,building_blocks,None,,,,,,,
Chiseled Red Sandstone,chiseled_red_sandstone,64,Yes,building_blocks,None,,,,,,,
Chiseled Resin Bricks,chiseled_resin_bricks,64,Yes,building_blocks,None,,,,,,,
Chiseled Sandstone,chiseled_sandstone,64,Yes,building_blocks,None,,,,,,,
Chiseled Stone Bricks,chiseled_stone_bricks,64,Yes,building_blocks,None,,,,,,,
Chiseled Tuff,chiseled_tuff,64,Yes,building_blocks,None,,,,,,,
Chiseled Tuff Bricks,chiseled_tuff_bricks,64,Yes,building_blocks,None,,,,,,,
Chorus Flower,chorus_flower,64,Yes,natural_blocks,None,,,,,,,
Chorus Fruit,chorus_fruit,64,No,food_and_drinks,None,,,,,,,
Chorus Plant,chorus_plant,64,Yes,natural_blocks,None,,,,,,,
Clay,clay,64,Yes,natural_blocks,None,,,,,,,
Clay Ball,clay_ball,64,No,ingredients,None,,,,,,,
Clock,clock,64,No,tools_and_utilities,None,,,,,,,
Closed Eyeblossom,closed_eyeblossom,64,Yes,natural_blocks,None,,,,,,,
Coal,coal,64,No,ingredients,None,,,,,,,
Coal Block,coal_block,64,Yes,building_blocks,None,,,,,,,
Coal Ore,coal_ore,64,Yes,natural_blocks,None,,,,,,,
Coarse Dirt,coarse_dirt,64,Yes,natural_blocks,None,,,,,,,
Coast Armor Trim Smithing Template,coast_armor_trim_smithing_template,64,No,ingredients,None,,,,,,,
Cobbled Deepslate,cobbled_deepslate,64,Yes,building_blocks,None,,,,,,,
Cobbled Deepslate Slab,cobbled_deepslate_slab,64,Yes,building_blocks,None,,,,,,,
Cobbled Deepslate Stairs,cobbled_deepslate_stairs,64,Yes,building_blocks,None,,,,,,,
Cobbled Deepslate Wall,cobbled_deepslate_wall,64,Yes,building_blocks,None,,,,,,,
Cobblestone,cobblestone,64,Yes,building_blocks,None,,,,,,,
Cobblestone Slab,cobblestone_slab,64,Yes,building_blocks,None,,,,,,,
Cobblestone Stairs,cobblestone_stairs,64,Yes,building_blocks,None,,,,,,,
Cobblestone Wall,cobblestone_wall,64,Yes,building_blocks,None,,,,,,,
Cobweb,cobweb,64,Yes,natural_blocks,None,,,,,,,
Cocoa Beans,cocoa_beans,64,No,natural_blocks,None,,,,,,,
Cod,cod,64,No,food_and_drinks,None,,,,,,,
Comparator,comparator,64,Yes,redstone_blocks,None,,,,,,,
Compass,compass,64,No,tools_and_utilities,None,,,,,,,
Composter,composter,64,Yes,functional_blocks; redstone_blocks,None,,,,,,,
Conduit,conduit,64,Yes,functional_blocks,None,,,,,,,
Cooked Beef,cooked_beef,64,No,food_and_drinks,None,,,,,,,
Cooked Chicken,cooked_chicken,64,No,food_and_drinks,None,,,,,,,
Cooked Cod,cooked_cod,64,No,food_and_drinks,None,,,,,,,
Cooked Mutton,cooked_mutton,64,No,food_and_drinks,None,,,,,,,
Cooked Porkchop,cooked_porkchop,64,No,food_and_drinks,None,,,,,,,
Cooked Rabbit,cooked_rabbit,64,No,food_and_drinks,None,,,,,,,
Cooked Salmon,cooked_salmon,64,No,food_and_drinks,None,,,,,,,
Cookie,cookie,64,No,food_and_drinks,None,,,,,,,
Copper Block,copper_block,64,Yes,building_blocks,None,,,,,,,
Copper Bulb,copper_bulb,64,Yes,building_blocks; functional_blocks,None,,,,,,,
Copper Door,copper_door,64,Yes,building_blocks,None,,,,,,,
Copper Grate,copper_grate,64,Yes,building_blocks,None,,,,,,,
Copper Ingot,copper_ingot,64,No,ingredients,None,,,,,,,
Copper Ore,copper_ore,64,Yes,natural_blocks,None,,,,,,,
Copper Trapdoor,copper_trapdoor,64,Yes,building_blocks,None,,,,,,,
Cornflower,cornflower,64,Yes,natural_blocks,None,,,,,,,
Cracked Deepslate Bricks,cracked_deepslate_bricks,64,Yes,building_blocks,None,,,,,,,
Cracked Deepslate Tiles,cracked_deepslate_tiles,64,Yes,building_blocks,None,,,,,,,
Cracked Nether Bricks,cracked_nether_bricks,64,Yes,building_blocks,None,,,,,,,
Cracked Polished Blackstone Bricks,cracked_polished_blackstone_bricks,64,Yes,building_blocks,None,,,,,,,
Cracked Stone Bricks,cracked_stone_bricks,64,Yes,building_blocks,None,,,,,,,
Crafter,crafter,64,Yes,redstone_blocks,None,,,,,,,
Crafting Table,crafting_table,64,Yes,functional_blocks,None,,,,,,,
Creeper Head,creeper_head,64,Yes,functional_blocks,None,,,,,,,
Crimson Button,crimson_button,64,Yes,building_blocks,None,,,,,,,
Crimson Door,crimson_door,64,Yes,building_blocks,None,,,,,,,
Crimson Fence,crimson_fence,64,Yes,building_blocks,None,,,,,,,
Crimson Fence Gate,crimson_fence_gate,64,Yes,building_blocks,None,,,,,,,
Crimson Fungus,crimson_fungus,64,Yes,natural_blocks,None,,,,,,,
Crimson Hanging Sign,crimson_hanging_sign,16,Yes,functional_blocks,None,,,,,,,
Crimson Hyphae,crimson_hyphae,64,Yes,building_blocks,None,,,,,,,
Crimson Nylium,crimson_nylium,64,Yes,natural_blocks,None,,,,,,,
Crimson Planks,crimson_planks,64,Yes,building_blocks,None,,,,,,,
Crimson Pressure Plate,crimson_pressure_plate,64,Yes,building_blocks,None,,,,,,,
Crimson Roots,crimson_roots,64,Yes,natural_blocks,None,,,,,,,
Crimson Sign,crimson_sign,16,Yes,functional_blocks,None,,,,,,,
Crimson Slab,crimson_slab,64,Yes,building_blocks,None,,,,,,,
Crimson Stairs,crimson_stairs,64,Yes,building_blocks,None,,,,,,,
Crimson Stem,crimson_stem,64,Yes,building_blocks; natural_blocks,None,,,,,,,
Crimson Trapdoor,crimson_trapdoor,64,Yes,building_blocks,None,,,,,,,
Crying Obsidian,crying_obsidian,64,Yes,natural_blocks; functional_blocks,None,,,,,,,
Cut Copper,cut_copper,64,Yes,building_blocks,None,,,,,,,
Cut Copper Slab,cut_copper_slab,64,Yes,building_blocks,None,,,,,,,
Cut Copper Stairs,cut_copper_stairs,64,Yes,building_blocks,None,,,,,,,
Cut Red Sandstone,cut_red_sandstone,64,Yes,building_blocks,None,,,,,,,
Cut Red Sandstone Slab,cut_red_sandstone_slab,64,Yes,building_blocks,None,,,,,,,
Cut Sandstone,cut_sandstone,64,Yes,building_blocks,None,,,,,,,
Cut Sandstone Slab,cut_sandstone_slab,64,Yes,building_blocks,None,,,,,,,
Cyan Banner,cyan_banner,16,Yes,colored_blocks; functional_blocks,None,,,,,,,
Cyan Candle,cyan_candle,64,Yes,colored_blocks; functional_blocks,None,,,,,,,
Cyan Carpet,cyan_carpet,64,Yes,colored_blocks,None,,,,,,,
Cyan Concrete,cyan_concrete,64,Yes,colored_blocks,None,,,,,,,
Cyan Concrete Powder,cyan_concrete_powder,64,Yes,colored_blocks,None,,,,,,,
Cyan Dye,cyan_dye,64,No,ingredients,None,,,,,,,
Cyan Glazed Terracotta,cyan_glazed_terracotta,64,Yes,colored_blocks,None,,,,,,,
Cyan Stained Glass,cyan_stained_glass,64,Yes,colored_blocks,None,,,,,,,
Cyan Stained Glass Pane,cyan_stained_glass_pane,64,Yes,colored_blocks,None,,,,,,,
Cyan Terracotta,cyan_terracotta,64,Yes,colored_blocks,None,,,,,,,
Cyan Wool,cyan_wool,64,Yes,colored_blocks,None,,,,,,,
Damaged Anvil,damaged_anvil,64,Yes,functional_blocks,None,,,,,,,
Dandelion,dandelion,64,Yes,natural_blocks,None,,,,,,,
Danger Pottery Sherd,danger_pottery_sherd,64,No,ingredients,None,,,,,,,
Dark Oak Button,dark_oak_button,64,Yes,building_blocks,None,,,,,,,
Dark Oak Door,dark_oak_door,64,Yes,building_blocks,None,,,,,,,
Dark Oak Fence,dark_oak_fence,64,Yes,building_blocks,None,,,,,,,
Dark Oak Fence Gate,dark_oak_fence_gate,64,Yes,building_blocks,None,,,,,,,
Dark Oak Hanging Sign,dark_oak_hanging_sign,16,Yes,functional_blocks,None,,,,,,,
Dark Oak Leaves,dark_oak_leaves,64,Yes,natural_blocks,None,,,,,,,
Dark Oak Log,dark_oak_log,64,Yes,building_blocks; natural_blocks,None,,,,,,,
Dark Oak Planks,dark_oak_planks,64,Yes,building_blocks,None,,,,,,,
Dark Oak Pressure Plate,dark_oak_pressure_plate,64,Yes,building_blocks,None,,,,,,,
Dark Oak Sapling,dark_oak_sapling,64,Yes,natural_blocks,None,,,,,,,
Dark Oak Sign,dark_oak_sign,16,Yes,functional_blocks,None,,,,,,,
Dark Oak Slab,dark_oak_slab,64,Yes,building_blocks,None,,,,,,,
Dark Oak Stairs,dark_oak_stairs,64,Yes,building_blocks,None,,,,,,,
Dark Oak Trapdoor,dark_oak_trapdoor,64,Yes,building_blocks,None,,,,,,,
Dark Oak Wood,dark_oak_wood,64,Yes,building_blocks,None,,,,,,,
Dark Prismarine,dark_prismarine,64,Yes,building_blocks,None,,,,,,,
Dark Prismarine Slab,dark_prismarine_slab,64,Yes,building_blocks,None,,,,,,,
Dark Prismarine Stairs,dark_prismarine_stairs,64,Yes,building_blocks,None,,,,,,,
Daylight Detector,daylight_detector,64,Yes,redstone_blocks,None,,,,,,,
Dead Brain Coral,dead_brain_coral,64,Yes,natural_blocks,None,,,,,,,
Dead Brain Coral Block,dead_brain_coral_block,64,Yes,natural_blocks,None,,,,,,,
Dead Brain Coral Fan,dead_brain_coral_fan,64,Yes,natural_blocks,None,,,,,,,
Dead Bubble Coral,dead_bubble_coral,64,Yes,natural_blocks,None,,,,,,,
Dead Bubble Coral Block,dead_bubble_coral_block,64,Yes,natural_blocks,None,,,,,,,
Dead Bubble Coral Fan,dead_bubble_coral_fan,64,Yes,natural_blocks,None,,,,,,,
Dead Bush,dead_bush,64,Yes,natural_blocks,None,,,,,,,
Dead Fire Coral,dead_fire_coral,64,Yes,natural_blocks,None,,,,,,,
Dead Fire Coral Block,dead_fire_coral_block,64,Yes,natural_blocks,None,,,,,,,
Dead Fire Coral Fan,dead_fire_coral_fan,64,Yes,natural_blocks,None,,,,,,,
Dead Horn Coral,dead_horn_coral,64,Yes,natural_blocks,None,,,,,,,
Dead Horn Coral Block,dead_horn_coral_block,64,Yes,natural_blocks,None,,,,,,,
Dead Horn Coral Fan,dead_horn_coral_fan,64,Yes,natural_blocks,None,,,,,,,
Dead Tube Coral,dead_tube_coral,64,Yes,natural_blocks,None,,,,,,,
Dead Tube Coral Block,dead_tube_coral_block,64,Yes,natural_blocks,None,,,,,,,
Dead Tube Coral Fan,dead_tube_coral_fan,64,Yes,natural_blocks,None,,,,,,,
Decorated Pot,decorated_pot,64,Yes,functional_blocks; redstone_blocks,None,,,,,,,
Deepslate,deepslate,64,Yes,building_blocks; natural_blocks,None,,,,,,,
Deepslate Brick Slab,deepslate_brick_slab,64,Yes,building_blocks,None,,,,,,,
Deepslate Brick Stairs,deepslate_brick_stairs,64,Yes,building_blocks,None,,,,,,,
Deepslate Brick Wall,deepslate_brick_wall,64,Yes,building_blocks,None,,,,,,,
Deepslate Bricks,deepslate_bricks,64,Yes,building_blocks,None,,,,,,,
Deepslate Coal Ore,deepslate_coal_ore,64,Yes,natural_blocks,None,,,,,,,
Deepslate Copper Ore,deepslate_copper_ore,64,Yes,natural_blocks,None,,,,,,,
Deepslate Diamond Ore,deepslate_diamond_ore,64,Yes,natural_blocks,None,,,,,,,
Deepslate Emerald Ore,deepslate_emerald_ore,64,Yes,natural_blocks,None,,,,,,,
Deepslate Gold Ore,deepslate_gold_ore,64,Yes,natural_blocks,None,,,,,,,
Deepslate Iron Ore,deepslate_iron_ore,64,Yes,natural_blocks,None,,,,,,,
Deepslate Lapis Ore,deepslate_lapis_ore,64,Yes,natural_blocks,None,,,,,,,
Deepslate Redstone Ore,deepslate_redstone_ore,64,Yes,natural_blocks,None,,,,,,,
Deepslate Tile Slab,deepslate_tile_slab,64,Yes,building_blocks,None,,,,,,,
Deepslate Tile Stairs,deepslate_tile_stairs,64,Yes,building_blocks,None,,,,,,,
Deepslate Tile Wall,deepslate_tile_wall,64,Yes,building_blocks,None,,,,,,,
Deepslate Tiles,deepslate_tiles,64,Yes,building_blocks,None,,,,,,,
Detector Rail,detector_rail,64,Yes,redstone_blocks; tools_and_utilities,None,,,,,,,
Diamond,diamond,64,No,ingredients,None,,,,,,,
Diamond Block,diamond_block,64,Yes,building_blocks,None,,,,,,,
Diamond Ore,diamond_ore,64,Yes,natural_blocks,None,,,,,,,
Diorite,diorite,64,Yes,building_blocks; natural_blocks,None,,,,,,,
Diorite Slab,diorite_slab,64,Yes,building_blocks,None,,,,,,,
Diorite Stairs,diorite_stairs,64,Yes,building_blocks,None,,,,,,,
Diorite Wall,diorite_wall,64,Yes,building_blocks,None,,,,,,,
Dirt,dirt,64,Yes,natural_blocks,None,,,,,,,
Disc Fragment 5,disc_fragment_5,64,No,ingredients,None,,,,,,,
Dispenser,dispenser,64,Yes,redstone_blocks,None,,,,,,,
Dragon Breath,dragon_breath,64,No,ingredients,None,,,,,,,
Dragon Egg,dragon_egg,64,Yes,functional_blocks,None,,,,,,,
Dragon Head,dragon_head,64,Yes,functional_blocks,None,,,,,,,
Dried Kelp,dried_kelp,64,No,food_and_drinks,None,,,,,,,
Dried Kelp Block,dried_kelp_block,64,Yes,natural_blocks,None,,,,,,,
Dripstone Block,dripstone_block,64,Yes,natural_blocks,None,,,,,,,
Dropper,dropper,64,Yes,redstone_blocks,None,,,,,,,
Dune Armor Trim Smithing Template,dune_armor_trim_smithing_template,64,No,ingredients,None,,,,,,,
Echo Shard,echo_shard,64,No,ingredients,None,,,,,,,
Egg,egg,16,No,combat; ingredients,None,,,,,,,
Emerald,emerald,64,No,ingredients,None,,,,,,,
Emerald Block,emerald_block,64,Yes,building_blocks,None,,,,,,,
Emerald Ore,emerald_ore,64,Yes,natural_blocks,None,,,,,,,
Enchanted Golden Apple,enchanted_golden_apple,64,No,food_and_drinks,None,,,,,,,
Enchanting Table,enchanting_table,64,Yes,functional_blocks,None,,,,,,,
End Crystal,end_crystal,64,No,functional_blocks; combat,None,,,,,,,
End Rod,end_rod,64,Yes,functional_blocks,None,,,,,,,
End Stone,end_stone,64,Yes,building_blocks; natural_blocks,None,,,,,,,
End Stone Brick Slab,end_stone_brick_slab,64,Yes,building_blocks,None,,,,,,,
End Stone Brick Stairs,end_stone_brick_stairs,64,Yes,building_blocks,None,,,,,,,
End Stone Brick Wall,end_stone_brick_wall,64,Yes,building_blocks,None,,,,,,,
End Stone Bricks,end_stone_bricks,64,Yes,building_blocks,None,,,,,,,
Ender Chest,ender_chest,64,Yes,functional_blocks,None,,,,,,,
Ender Eye,ender_eye,64,No,functional_blocks; tools_and_utilities; ingredients,None,,,,,,,
Ender Pearl,ender_pearl,16,No,tools_and_utilities; ingredients,None,,,,,,,
Experience Bottle,experience_bottle,64,No,ingredients,None,,,,,,,
Explorer Pottery Sherd,explorer_pottery_sherd,64,No,ingredients,None,,,,,,,
Exposed Chiseled Copper,exposed_chiseled_copper,64,Yes,building_blocks,None,,,,,,,
Exposed Copper,exposed_copper,64,Yes,building_blocks,None,,,,,,,
Exposed Copper Bulb,exposed_copper_bulb,64,Yes,building_blocks; functional_blocks,None,,,,,,,
Exposed Copper Door,exposed_copper_door,64,Yes,building_blocks,None,,,,,,,
Exposed Copper Grate,exposed_copper_grate,64,Yes,building_blocks,None,,,,,,,
Exposed Copper Trapdoor,exposed_copper_trapdoor,64,Yes,building_blocks,None,,,,,,,
Exposed Cut Copper,exposed_cut_copper,64,Yes,building_blocks,None,,,,,,,
Exposed Cut Copper Slab,exposed_cut_copper_slab,64,Yes,building_blocks,None,,,,,,,
Exposed Cut Copper Stairs,exposed_cut_copper_stairs,64,Yes,building_blocks,None,,,,,,,
Eye Armor Trim Smithing Template,eye_armor_trim_smithing_template,64,No,ingredients,None,,,,,,,
Feather,feather,64,No,ingredients,None,,,,,,,
Fermented Spider Eye,fermented_spider_eye,64,No,ingredients,None,,,,,,,
Fern,fern,64,Yes,natural_blocks,None,,,,,,,
Filled Map,filled_map,64,No,,None,,,,,,,
Fire Charge,fire_charge,64,No,tools_and_utilities; ingredients,None,,,,,,,
Fire Coral,fire_coral,64,Yes,natural_blocks,None,,,,,,,
Fire Coral Block,fire_coral_block,64,Yes,natural_blocks,None,,,,,,,
Fire Coral Fan,fire_coral_fan,64,Yes,natural_blocks,None,,,,,,,
Firefly Bush,firefly_bush,64,Yes,natural_blocks,None,,,,,,,
Firework Rocket,firework_rocket,64,No,,None,,,,,,,
Fletching Table,fletching_table,64,Yes,functional_blocks,None,,,,,,,
Flint,flint,64,No,ingredients,None,,,,,,,
Flow Armor Trim Smithing Template,flow_armor_trim_smithing_template,64,No,ingredients,None,,,,,,,
Flow Pottery Sherd,flow_pottery_sherd,64,No,ingredients,None,,,,,,,
Flower Pot,flower_pot,64,Yes,functional_blocks,None,,,,,,,
Flowering Azalea,flowering_azalea,64,Yes,natural_blocks,None,,,,,,,
Flowering Azalea Leaves,flowering_azalea_leaves,64,Yes,natural_blocks,None,,,,,,,
Friend Pottery Sherd,friend_pottery_sherd,64,No,ingredients,None,,,,,,,
Furnace,furnace,64,Yes,functional_blocks; redstone_blocks,None,,,,,,,
Ghast Tear,ghast_tear,64,No,ingredients,None,,,,,,,
Gilded Blackstone,gilded_blackstone,64,Yes,building_blocks,None,,,,,,,
Glass,glass,64,Yes,colored_blocks,None,,,,,,,
Glass Bottle,glass_bottle,64,No,ingredients,None,,,,,,,
Glass Pane,glass_pane,64,Yes,colored_blocks,None,,,,,,,
Glistering Melon Slice,glistering_melon_slice,64,No,ingredients,None,,,,,,,
Glow Berries,glow_berries,64,No,natural_blocks; food_and_drinks,None,,,,,,,
Glow Ink Sac,glow_ink_sac,64,No,ingredients,None,,,,,,,
Glow Item Frame,glow_item_frame,64,No,functional_blocks,None,,,,,,,
Glow Lichen,glow_lichen,64,Yes,natural_blocks; functional_blocks,None,,,,,,,
Glowstone,glowstone,64,Yes,natural_blocks; functional_blocks,None,,,,,,,
Glowstone Dust,glowstone_dust,64,No,ingredients,None,,,,,,,
Gold Block,gold_block,64,Yes,building_blocks,None,,,,,,,
Gold Ingot,gold_ingot,64,No,ingredients,None,,,,,,,
Gold Nugget,gold_nugget,64,No,ingredients,None,,,,,,,
Gold Ore,gold_ore,64,Yes,natural_blocks,None,,,,,,,
Golden Apple,golden_apple,64,No,food_and_drinks,None,,,,,,,
Golden Carrot,golden_carrot,64,No,food_and_drinks; ingredients,None,,,,,,,
Granite,granite,64,Yes,building_blocks; natural_blocks,None,,,,,,,
Granite Slab,granite_slab,64,Yes,building_blocks,None,,,,,,,
Granite Stairs,granite_stairs,64,Yes,building_blocks,None,,,,,,,
Granite Wall,granite_wall,64,Yes,building_blocks,None,,,,,,,
Grass Block,grass_block,64,Yes,natural_blocks,None,,,,,,,
Gravel,gravel,64,Yes,natural_blocks,None,,,,,,,
Gray Banner,gray_banner,16,Yes,colored_blocks; functional_blocks,None,,,,,,,
Gray Candle,gray_candle,64,Yes,colored_blocks; functional_blocks,None,,,,,,,
Gray Carpet,gray_carpet,64,Yes,colored_blocks,None,,,,,,,
Gray Concrete,gray_concrete,64,Yes,colored_blocks,None,,,,,,,
Gray Concrete Powder,gray_concrete_powder,64,Yes,colored_blocks,None,,,,,,,
Gray Dye,gray_dye,64,No,ingredients,None,,,,,,,
Gray Glazed Terracotta,gray_glazed_terracotta,64,Yes,colored_blocks,None,,,,,,,
Gray Stained Glass,gray_stained_glass,64,Yes,colored_blocks,None,,,,,,,
Gray Stained Glass Pane,gray_stained_glass_pane,64,Yes,colored_blocks,None,,,,,,,
Gray Terracotta,gray_terracotta,64,Yes,colored_blocks,None,,,,,,,
Gray Wool,gray_wool,64,Yes,colored_blocks,None,,,,,,,
Green Banner,green_banner,16,Yes,colored_blocks; functional_blocks,None,,,,,,,
Green Candle,green_candle,64,Yes,colored_blocks; functional_blocks,None,,,,,,,
Green Carpet,green_carpet,64,Yes,colored_blocks,None,,,,,,,
Green Concrete,green_concrete,64,Yes,colored_blocks,None,,,,,,,
Green Concrete Powder,green_concrete_powder,64,Yes,colored_blocks,None,,,,,,,
Green Dye,green_dye,64,No,ingredients,None,,,,,,,
Green Glazed Terracotta,green_glazed_terracotta,64,Yes,colored_blocks,None,,,,,,,
Green Stained Glass,green_stained_glass,64,Yes,colored_blocks,None,,,,,,,
Green Stained Glass Pane,green_stained_glass_pane,64,Yes,colored_blocks,None,,,,,,,
Green Terracotta,green_terracotta,64,Yes,colored_blocks,None,,,,,,,
Green Wool,green_wool,64,Yes,colored_blocks,None,,,,,,,
Grindstone,grindstone,64,Yes,functional_blocks,None,,,,,,,
Gunpowder,gunpowder,64,No,ingredients,None,,,,,,,
Guster Pottery Sherd,guster_pottery_sherd,64,No,ingredients,None,,,,,,,
Hanging Roots,hanging_roots,64,Yes,natural_blocks,None,,,,,,,
Hay Block,hay_block,64,Yes,natural_blocks,None,,,,,,,
Heart Of The Sea,heart_of_the_sea,64,No,ingredients,None,,,,,,,
Heart Pottery Sherd,heart_pottery_sherd,64,No,ingredients,None,,,,,,,
Heartbreak Pottery Sherd,heartbreak_pottery_sherd,64,No,ingredients,None,,,,,,,
Heavy Core,heavy_core,64,Yes,ingredients,None,,,,,,,
Heavy Weighted Pressure Plate,heavy_weighted_pressure_plate,64,Yes,building_blocks; redstone_blocks,None,,,,,,,
Honey Block,honey_block,64,Yes,natural_blocks; redstone_blocks,None,,,,,,,
Honey Bottle,honey_bottle,16,No,food_and_drinks,None,,,,,,,
Honeycomb,honeycomb,64,No,ingredients,None,,,,,,,
Honeycomb Block,honeycomb_block,64,Yes,natural_blocks,None,,,,,,,
Hopper,hopper,64,Yes,redstone_blocks,None,,,,,,,
Horn Coral,horn_coral,64,Yes,natural_blocks,None,,,,,,,
Horn Coral Block,horn_coral_block,64,Yes,natural_blocks,None,,,,,,,
Horn Coral Fan,horn_coral_fan,64,Yes,natural_blocks,None,,,,,,,
Host Armor Trim Smithing Template,host_armor_trim_smithing_template,64,No,ingredients,None,,,,,,,
Howl Pottery Sherd,howl_pottery_sherd,64,No,ingredients,None,,,,,,,
Ice,ice,64,Yes,natural_blocks,None,,,,,,,
Infested Chiseled Stone Bricks,infested_chiseled_stone_bricks,64,Yes,functional_blocks,None,,,,,,,
Infested Cobblestone,infested_cobblestone,64,Yes,functional_blocks,None,,,,,,,
Infested Cracked Stone Bricks,infested_cracked_stone_bricks,64,Yes,functional_blocks,None,,,,,,,
Infested Deepslate,infested_deepslate,64,Yes,functional_blocks,None,,,,,,,
Infested Mossy Stone Bricks,infested_mossy_stone_bricks,64,Yes,functional_blocks,None,,,,,,,
Infested Stone,infested_stone,64,Yes,functional_blocks,None,,,,,,,
Infested Stone Bricks,infested_stone_bricks,64,Yes,functional_blocks,None,,,,,,,
Ink Sac,ink_sac,64,No,ingredients,None,,,,,,,
Iron Bars,iron_bars,64,Yes,building_blocks,None,,,,,,,
Iron Block,iron_block,64,Yes,building_blocks,None,,,,,,,
Iron Door,iron_door,64,Yes,building_blocks; redstone_blocks,None,,,,,,,
Iron Ingot,iron_ingot,64,No,ingredients,None,,,,,,,
Iron Nugget,iron_nugget,64,No,ingredients,None,,,,,,,
Iron Ore,iron_ore,64,Yes,natural_blocks,None,,,,,,,
Iron Trapdoor,iron_trapdoor,64,Yes,building_blocks; redstone_blocks,None,,,,,,,
Item Frame,item_frame,64,No,functional_blocks,None,,,,,,,
Jack O Lantern,jack_o_lantern,64,Yes,natural_blocks,None,,,,,,,
Jukebox,jukebox,64,Yes,functional_blocks; redstone_blocks,None,,,,,,,
Jungle Button,jungle_button,64,Yes,building_blocks,None,,,,,,,
Jungle Door,jungle_door,64,Yes,building_blocks,None,,,,,,,
Jungle Fence,jungle_fence,64,Yes,building_blocks,None,,,,,,,
Jungle Fence Gate,jungle_fence_gate,64,Yes,building_blocks,None,,,,,,,
Jungle Hanging Sign,jungle_hanging_sign,16,Yes,functional_blocks,None,,,,,,,
Jungle Leaves,jungle_leaves,64,Yes,natural_blocks,None,,,,,,,
Jungle Log,jungle_log,64,Yes,building_blocks; natural_blocks,None,,,,,,,
Jungle Planks,jungle_planks,64,Yes,building_blocks,None,,,,,,,
Jungle Pressure Plate,jungle_pressure_plate,64,Yes,building_blocks,None,,,,,,,
Jungle Sapling,jungle_sapling,64,Yes,natural_blocks,None,,,,,,,
Jungle Sign,jungle_sign,16,Yes,functional_blocks,None,,,,,,,
Jungle Slab,jungle_slab,64,Yes,building_blocks,None,,,,,,,
Jungle Stairs,jungle_stairs,64,Yes,building_blocks,None,,,,,,,
Jungle Trapdoor,jungle_trapdoor,64,Yes,building_blocks,None,,,,,,,
Jungle Wood,jungle_wood,64,Yes,building_blocks,None,,,,,,,
Kelp,kelp,64,Yes,natural_blocks,None,,,,,,,
Ladder,ladder,64,Yes,functional_blocks,None,,,,,,,
Lantern,lantern,64,Yes,functional_blocks,None,,,,,,,
Lapis Block,lapis_block,64,Yes,building_blocks,None,,,,,,,
Lapis Lazuli,lapis_lazuli,64,No,ingredients,None,,,,,,,
Lapis Ore,lapis_ore,64,Yes,natural_blocks,None,,,,,,,
Large Amethyst Bud,large_amethyst_bud,64,Yes,natural_blocks,None,,,,,,,
Large Fern,large_fern,64,Yes,natural_blocks,None,,,,,,,
Lead,lead,64,No,tools_and_utilities,None,,,,,,,
Leaf Litter,leaf_litter,64,Yes,natural_blocks,None,,,,,,,
Leather,leather,64,No,ingredients,None,,,,,,,
Lectern,lectern,64,Yes,functional_blocks; redstone_blocks,None,,,,,,,
Lever,lever,64,Yes,redstone_blocks,None,,,,,,,
Light Blue Banner,light_blue_banner,16,Yes,colored_blocks; functional_blocks,None,,,,,,,
Light Blue Candle,light_blue_candle,64,Yes,colored_blocks; functional_blocks,None,,,,,,,
Light Blue Carpet,light_blue_carpet,64,Yes,colored_blocks,None,,,,,,,
Light Blue Concrete,light_blue_concrete,64,Yes,colored_blocks,None,,,,,,,
Light Blue Concrete Powder,light_blue_concrete_powder,64,Yes,colored_blocks,None,,,,,,,
Light Blue Dye,light_blue_dye,64,No,ingredients,None,,,,,,,
Light Blue Glazed Terracotta,light_blue_glazed_terracotta,64,Yes,colored_blocks,None,,,,,,,
Light Blue Stained Glass,light_blue_stained_glass,64,Yes,colored_blocks,None,,,,,,,
Light Blue Stained Glass Pane,light_blue_stained_glass_pane,64,Yes,colored_blocks,None,,,,,,,
Light Blue Terracotta,light_blue_terracotta,64,Yes,colored_blocks,None,,,,,,,
Light Blue Wool,light_blue_wool,64,Yes,colored_blocks,None,,,,,,,
Light Gray Banner,light_gray_banner,16,Yes,colored_blocks; functional_blocks,None,,,,,,,
Light Gray Candle,light_gray_candle,64,Yes,colored_blocks; functional_blocks,None,,,,,,,
Light Gray Carpet,light_gray_carpet,64,Yes,colored_blocks,None,,,,,,,
Light Gray Concrete,light_gray_concrete,64,Yes,colored_blocks,None,,,,,,,
Light Gray Concrete Powder,light_gray_concrete_powder,64,Yes,colored_blocks,None,,,,,,,
Light Gray Dye,light_gray_dye,64,No,ingredients,None,,,,,,,
Light Gray Glazed Terracotta,light_gray_glazed_terracotta,64,Yes,colored_blocks,None,,,,,,,
Light Gray Stained Glass,light_gray_stained_glass,64,Yes,colored_blocks,None,,,,,,,
Light Gray Stained Glass Pane,light_gray_stained_glass_pane,64,Yes,colored_blocks,None,,,,,,,
Light Gray Terracotta,light_gray_terracotta,64,Yes,colored_blocks,None,,,,,,,
Light Gray Wool,light_gray_wool,64,Yes,colored_blocks,None,,,,,,,
Light Weighted Pressure Plate,light_weighted_pressure_plate,64,Yes,building_blocks; redstone_blocks,None,,,,,,,
Lightning Rod,lightning_rod,64,Yes,functional_blocks; redstone_blocks,None,,,,,,,
Lilac,lilac,64,Yes,natural_blocks,None,,,,,,,
Lily Of The Valley,lily_of_the_valley,64,Yes,natural_blocks,None,,,,,,,
Lily Pad,lily_pad,64,Yes,natural_blocks,None,,,,,,,
Lime Banner,lime_banner,16,Yes,colored_blocks; functional_blocks,None,,,,,,,
Lime Candle,lime_candle,64,Yes,colored_blocks; functional_blocks,None,,,,,,,
Lime Carpet,lime_carpet,64,Yes,colored_blocks,None,,,,,,,
Lime Concrete,lime_concrete,64,Yes,colored_blocks,None,,,,,,,
Lime Concrete Powder,lime_concrete_powder,64,Yes,colored_blocks,None,,,,,,,
Lime Dye,lime_dye,64,No,ingredients,None,,,,,,,
Lime Glazed Terracotta,lime_glazed_terracotta,64,Yes,colored_blocks,None,,,,,,,
Lime Stained Glass,lime_stained_glass,64,Yes,colored_blocks,None,,,,,,,
Lime Stained Glass Pane,lime_stained_glass_pane,64,Yes,colored_blocks,None,,,,,,,
Lime Terracotta,lime_terracotta,64,Yes,colored_blocks,None,,,,,,,
Lime Wool,lime_wool,64,Yes,colored_blocks,None,,,,,,,
Lodestone,lodestone,64,Yes,functional_blocks,None,,,,,,,
Loom,loom,64,Yes,functional_blocks,None,,,,,,,
Magenta Banner,magenta_banner,16,Yes,colored_blocks; functional_blocks,None,,,,,,,
Magenta Candle,magenta_candle,64,Yes,colored_blocks; functional_blocks,None,,,,,,,
Magenta Carpet,magenta_carpet,64,Yes,colored_blocks,None,,,,,,,
Magenta Concrete,magenta_concrete,64,Yes,colored_blocks,None,,,,,,,
Magenta Concrete Powder,magenta_concrete_powder,64,Yes,colored_blocks,None,,,,,,,
Magenta Dye,magenta_dye,64,No,ingredients,None,,,,,,,
Magenta Glazed Terracotta,magenta_glazed_terracotta,64,Yes,colored_blocks,None,,,,,,,
Magenta Stained Glass,magenta_stained_glass,64,Yes,colored_blocks,None,,,,,,,
Magenta Stained Glass Pane,magenta_stained_glass_pane,64,Yes,colored_blocks,None,,,,,,,
Magenta Terracotta,magenta_terracotta,64,Yes,colored_blocks,None,,,,,,,
Magenta Wool,magenta_wool,64,Yes,colored_blocks,None,,,,,,,
Magma Block,magma_block,64,Yes,natural_blocks; functional_blocks,None,,,,,,,
Magma Cream,magma_cream,64,No,ingredients,None,,,,,,,
Mangrove Button,mangrove_button,64,Yes,building_blocks,None,,,,,,,
Mangrove Door,mangrove_door,64,Yes,building_blocks,None,,,,,,,
Mangrove Fence,mangrove_fence,64,Yes,building_blocks,None,,,,,,,
Mangrove Fence Gate,mangrove_fence_gate,64,Yes,building_blocks,None,,,,,,,
Mangrove Hanging Sign,mangrove_hanging_sign,16,Yes,functional_blocks,None,,,,,,,
Mangrove Leaves,mangrove_leaves,64,Yes,natural_blocks,None,,,,,,,
Mangrove Log,mangrove_log,64,Yes,building_blocks; natural_blocks,None,,,,,,,
Mangrove Planks,mangrove_planks,64,Yes,building_blocks,None,,,,,,,
Mangrove Pressure Plate,mangrove_pressure_plate,64,Yes,building_blocks,None,,,,,,,
Mangrove Propagule,mangrove_propagule,64,Yes,natural_blocks,None,,,,,,,
Mangrove Roots,mangrove_roots,64,Yes,natural_blocks,None,,,,,,,
Mangrove Sign,mangrove_sign,16,Yes,functional_blocks,None,,,,,,,
Mangrove Slab,mangrove_slab,64,Yes,building_blocks,None,,,,,,,
Mangrove Stairs,mangrove_stairs,64,Yes,building_blocks,None,,,,,,,
Mangrove Trapdoor,mangrove_trapdoor,64,Yes,building_blocks,None,,,,,,,
Mangrove Wood,mangrove_wood,64,Yes,building_blocks,None,,,,,,,
Map,map,64,No,tools_and_utilities,None,,,,,,,
Medium Amethyst Bud,medium_amethyst_bud,64,Yes,natural_blocks,None,,,,,,,
Melon,melon,64,Yes,natural_blocks,None,,,,,,,
Melon Seeds,melon_seeds,64,No,natural_blocks,None,,,,,,,
Melon Slice,melon_slice,64,No,food_and_drinks,None,,,,,,,
Miner Pottery Sherd,miner_pottery_sherd,64,No,ingredients,None,,,,,,,
Moss Block,moss_block,64,Yes,natural_blocks,None,,,,,,,
Moss Carpet,moss_carpet,64,Yes,natural_blocks,None,,,,,,,
Mossy Cobblestone,mossy_cobblestone,64,Yes,building_blocks,None,,,,,,,
Mossy Cobblestone Slab,mossy_cobblestone_slab,64,Yes,building_blocks,None,,,,,,,
Mossy Cobblestone Stairs,mossy_cobblestone_stairs,64,Yes,building_blocks,None,,,,,,,
Mossy Cobblestone Wall,mossy_cobblestone_wall,64,Yes,building_blocks,None,,,,,,,
Mossy Stone Brick Slab,mossy_stone_brick_slab,64,Yes,building_blocks,None,,,,,,,
Mossy Stone Brick Stairs,mossy_stone_brick_stairs,64,Yes,building_blocks,None,,,,,,,
Mossy Stone Brick Wall,mossy_stone_brick_wall,64,Yes,building_blocks,None,,,,,,,
Mossy Stone Bricks,mossy_stone_bricks,64,Yes,building_blocks,None,,,,,,,
Mourner Pottery Sherd,mourner_pottery_sherd,64,No,ingredients,None,,,,,,,
Mud,mud,64,Yes,natural_blocks,None,,,,,,,
Mud Brick Slab,mud_brick_slab,64,Yes,building_blocks,None,,,,,,,
Mud Brick Stairs,mud_brick_stairs,64,Yes,building_blocks,None,,,,,,,
Mud Brick Wall,mud_brick_wall,64,Yes,building_blocks,None,,,,,,,
Mud Bricks,mud_bricks,64,Yes,building_blocks,None,,,,,,,
Muddy Mangrove Roots,muddy_mangrove_roots,64,Yes,natural_blocks,None,,,,,,,
Mushroom Stem,mushroom_stem,64,Yes,natural_blocks,None,,,,,,,
Mutton,mutton,64,No,food_and_drinks,None,,,,,,,
Mycelium,mycelium,64,Yes,natural_blocks,None,,,,,,,
Name Tag,name_tag,64,No,tools_and_utilities,None,,,,,,,
Nautilus Shell,nautilus_shell,64,No,ingredients,None,,,,,,,
Nether Brick,nether_brick,64,No,ingredients,None,,,,,,,
Nether Brick Fence,nether_brick_fence,64,Yes,building_blocks,None,,,,,,,
Nether Brick Slab,nether_brick_slab,64,Yes,building_blocks,None,,,,,,,
Nether Brick Stairs,nether_brick_stairs,64,Yes,building_blocks,None,,,,,,,
Nether Brick Wall,nether_brick_wall,64,Yes,building_blocks,None,,,,,,,
Nether Bricks,nether_bricks,64,Yes,building_blocks,None,,,,,,,
Nether Gold Ore,nether_gold_ore,64,Yes,natural_blocks,None,,,,,,,
Nether Quartz Ore,nether_quartz_ore,64,Yes,natural_blocks,None,,,,,,,
Nether Sprouts,nether_sprouts,64,Yes,natural_blocks,None,,,,,,,
Nether Star,nether_star,64,No,ingredients,None,,,,,,,
Nether Wart,nether_wart,64,No,natural_blocks; ingredients,None,,,,,,,
Nether Wart Block,nether_wart_block,64,Yes,natural_blocks,None,,,,,,,
Netherite Block,netherite_block,64,Yes,building_blocks,None,,,,,,,
Netherite Ingot,netherite_ingot,64,No,ingredients,None,,,,,,,
Netherite Scrap,netherite_scrap,64,No,ingredients,None,,,,,,,
Netherite Upgrade Smithing Template,netherite_upgrade_smithing_template,64,No,ingredients,None,,,,,,,
Netherrack,netherrack,64,Yes,building_blocks; natural_blocks,None,,,,,,,
Note Block,note_block,64,Yes,functional_blocks; redstone_blocks,None,,,,,,,
Oak Button,oak_button,64,Yes,building_blocks; redstone_blocks,None,,,,,,,
Oak Door,oak_door,64,Yes,building_blocks; redstone_blocks,None,,,,,,,
Oak Fence,oak_fence,64,Yes,building_blocks,None,,,,,,,
Oak Fence Gate,oak_fence_gate,64,Yes,building_blocks; redstone_blocks,None,,,,,,,
Oak Hanging Sign,oak_hanging_sign,16,Yes,functional_blocks,None,,,,,,,
Oak Leaves,oak_leaves,64,Yes,natural_blocks,None,,,,,,,
Oak Log,oak_log,64,Yes,building_blocks; natural_blocks,None,,,,,,,
Oak Planks,oak_planks,64,Yes,building_blocks,None,,,,,,,
Oak Pressure Plate,oak_pressure_plate,64,Yes,building_blocks; redstone_blocks,None,,,,,,,
Oak Sapling,oak_sapling,64,Yes,natural_blocks,None,,,,,,,
Oak Sign,oak_sign,16,Yes,functional_blocks,None,,,,,,,
Oak Slab,oak_slab,64,Yes,building_blocks,None,,,,,,,
Oak Stairs,oak_stairs,64,Yes,building_blocks,None,,,,,,,
Oak Trapdoor,oak_trapdoor,64,Yes,building_blocks; redstone_blocks,None,,,,,,,
Oak Wood,oak_wood,64,Yes,building_blocks,None,,,,,,,
Observer,observer,64,Yes,redstone_blocks,None,,,,,,,
Obsidian,obsidian,64,Yes,natural_blocks,None,,,,,,,
Ochre Froglight,ochre_froglight,64,Yes,natural_blocks; functional_blocks,None,,,,,,,
Ominous Bottle,ominous_bottle,64,No,,None,,,,,,,
Ominous Trial Key,ominous_trial_key,64,No,ingredients,None,,,,,,,
Open Eyeblossom,open_eyeblossom,64,Yes,natural_blocks,None,,,,,,,
Orange Banner,orange_banner,16,Yes,colored_blocks; functional_blocks,None,,,,,,,
Orange Candle,orange_candle,64,Yes,colored_blocks; functional_blocks,None,,,,,,,
Orange Carpet,orange_carpet,64,Yes,colored_blocks,None,,,,,,,
Orange Concrete,orange_concrete,64,Yes,colored_blocks,None,,,,,,,
Orange Concrete Powder,orange_concrete_powder,64,Yes,colored_blocks,None,,,,,,,
Orange Dye,orange_dye,64,No,ingredients,None,,,,,,,
Orange Glazed Terracotta,orange_glazed_terracotta,64,Yes,colored_blocks,None,,,,,,,
Orange Stained Glass,orange_stained_glass,64,Yes,colored_blocks,None,,,,,,,
Orange Stained Glass Pane,orange_stained_glass_pane,64,Yes,colored_blocks,None,,,,,,,
Orange Terracotta,orange_terracotta,64,Yes,colored_blocks,None,,,,,,,
Orange Tulip,orange_tulip,64,Yes,natural_blocks,None,,,,,,,
Orange Wool,orange_wool,64,Yes,colored_blocks,None,,,,,,,
Oxeye Daisy,oxeye_daisy,64,Yes,natural_blocks,None,,,,,,,
Oxidized Chiseled Copper,oxidized_chiseled_copper,64,Yes,building_blocks,None,,,,,,,
Oxidized Copper,oxidized_copper,64,Yes,building_blocks,None,,,,,,,
Oxidized Copper Bulb,oxidized_copper_bulb,64,Yes,building_blocks; functional_blocks,None,,,,,,,
Oxidized Copper Door,oxidized_copper_door,64,Yes,building_blocks,None,,,,,,,
Oxidized Copper Grate,oxidized_copper_grate,64,Yes,building_blocks,None,,,,,,,
Oxidized Copper Trapdoor,oxidized_copper_trapdoor,64,Yes,building_blocks,None,,,,,,,
Oxidized Cut Copper,oxidized_cut_copper,64,Yes,building_blocks,None,,,,,,,
Oxidized Cut Copper Slab,oxidized_cut_copper_slab,64,Yes,building_blocks,None,,,,,,,
Oxidized Cut Copper Stairs,oxidized_cut_copper_stairs,64,Yes,building_blocks,None,,,,,,,
Packed Ice,packed_ice,64,Yes,natural_blocks,None,,,,,,,
Packed Mud,packed_mud,64,Yes,building_blocks,None,,,,,,,
Painting,painting,64,No,functional_blocks,None,,,,,,,
Pale Hanging Moss,pale_hanging_moss,64,Yes,natural_blocks,None,,,,,,,
Pale Moss Block,pale_moss_block,64,Yes,natural_blocks,None,,,,,,,
Pale Moss Carpet,pale_moss_carpet,64,Yes,natural_blocks,None,,,,,,,
Pale Oak Button,pale_oak_button,64,Yes,building_blocks,None,,,,,,,
Pale Oak Door,pale_oak_door,64,Yes,building_blocks,None,,,,,,,
Pale Oak Fence,pale_oak_fence,64,Yes,building_blocks,None,,,,,,,
Pale Oak Fence Gate,pale_oak_fence_gate,64,Yes,building_blocks,None,,,,,,,
Pale Oak Hanging Sign,pale_oak_hanging_sign,16,Yes,functional_blocks,None,,,,,,,
Pale Oak Leaves,pale_oak_leaves,64,Yes,natural_blocks,None,,,,,,,
Pale Oak Log,pale_oak_log,64,Yes,building_blocks; natural_blocks,None,,,,,,,
Pale Oak Planks,pale_oak_planks,64,Yes,building_blocks,None,,,,,,,
Pale Oak Pressure Plate,pale_oak_pressure_plate,64,Yes,building_blocks,None,,,,,,,
Pale Oak Sapling,pale_oak_sapling,64,Yes,natural_blocks,None,,,,,,,
Pale Oak Sign,pale_oak_sign,16,Yes,functional_blocks,None,,,,,,,
Pale Oak Slab,pale_oak_slab,64,Yes,building_blocks,None,,,,,,,
Pale Oak Stairs,pale_oak_stairs,64,Yes,building_blocks,None,,,,,,,
Pale Oak Trapdoor,pale_oak_trapdoor,64,Yes,building_blocks,None,,,,,,,
Pale Oak Wood,pale_oak_wood,64,Yes,building_blocks,None,,,,,,,
Paper,paper,64,No,ingredients,None,,,,,,,
Pearlescent Froglight,pearlescent_froglight,64,Yes,natural_blocks; functional_blocks,None,,,,,,,
Peony,peony,64,Yes,natural_blocks,None,,,,,,,
Petrified Oak Slab,petrified_oak_slab,64,Yes,,None,,,,,,,
Phantom Membrane,phantom_membrane,64,No,ingredients,None,,,,,,,
Piglin Head,piglin_head,64,Yes,functional_blocks,None,,,,,,,
Pink Banner,pink_banner,16,Yes,colored_blocks; functional_blocks,None,,,,,,,
Pink Candle,pink_candle,64,Yes,colored_blocks; functional_blocks,None,,,,,,,
Pink Carpet,pink_carpet,64,Yes,colored_blocks,None,,,,,,,
Pink Concrete,pink_concrete,64,Yes,colored_blocks,None,,,,,,,
Pink Concrete Powder,pink_concrete_powder,64,Yes,colored_blocks,None,,,,,,,
Pink Dye,pink_dye,64,No,ingredients,None,,,,,,,
Pink Glazed Terracotta,pink_glazed_terracotta,64,Yes,colored_blocks,None,,,,,,,
Pink Petals,pink_petals,64,Yes,natural_blocks,None,,,,,,,
Pink Stained Glass,pink_stained_glass,64,Yes,colored_blocks,None,,,,,,,
Pink Stained Glass Pane,pink_stained_glass_pane,64,Yes,colored_blocks,None,,,,,,,
Pink Terracotta,pink_terracotta,64,Yes,colored_blocks,None,,,,,,,
Pink Tulip,pink_tulip,64,Yes,natural_blocks,None,,,,,,,
Pink Wool,pink_wool,64,Yes,colored_blocks,None,,,,,,,
Piston,piston,64,Yes,redstone_blocks,None,,,,,,,
Pitcher Plant,pitcher_plant,64,Yes,natural_blocks,None,,,,,,,
Pitcher Pod,pitcher_pod,64,No,natural_blocks,None,,,,,,,
Plenty Pottery Sherd,plenty_pottery_sherd,64,No,ingredients,None,,,,,,,
Podzol,podzol,64,Yes,natural_blocks,None,,,,,,,
Pointed Dripstone,pointed_dripstone,64,Yes,natural_blocks,None,,,,,,,
Poisonous Potato,poisonous_potato,64,No,food_and_drinks,None,,,,,,,
Polished Andesite,polished_andesite,64,Yes,building_blocks,None,,,,,,,
Polished Andesite Slab,polished_andesite_slab,64,Yes,building_blocks,None,,,,,,,
Polished Andesite Stairs,polished_andesite_stairs,64,Yes,building_blocks,None,,,,,,,
Polished Basalt,polished_basalt,64,Yes,building_blocks,None,,,,,,,
Polished Blackstone,polished_blackstone,64,Yes,building_blocks,None,,,,,,,
Polished Blackstone Brick Slab,polished_blackstone_brick_slab,64,Yes,building_blocks,None,,,,,,,
Polished Blackstone Brick Stairs,polished_blackstone_brick_stairs,64,Yes,building_blocks,None,,,,,,,
Polished Blackstone Brick Wall,polished_blackstone_brick_wall,64,Yes,building_blocks,None,,,,,,,
Polished Blackstone Bricks,polished_blackstone_bricks,64,Yes,building_blocks,None,,,,,,,
Polished Blackstone Button,polished_blackstone_button,64,Yes,building_blocks,None,,,,,,,
Polished Blackstone Pressure Plate,polished_blackstone_pressure_plate,64,Yes,building_blocks,None,,,,,,,
Polished Blackstone Slab,polished_blackstone_slab,64,Yes,building_blocks,None,,,,,,,
Polished Blackstone Stairs,polished_blackstone_stairs,64,Yes,building_blocks,None,,,,,,,
Polished Blackstone Wall,polished_blackstone_wall,64,Yes,building_blocks,None,,,,,,,
Polished Deepslate,polished_deepslate,64,Yes,building_blocks,None,,,,,,,
Polished Deepslate Slab,polished_deepslate_slab,64,Yes,building_blocks,None,,,,,,,
Polished Deepslate Stairs,polished_deepslate_stairs,64,Yes,building_blocks,None,,,,,,,
Polished Deepslate Wall,polished_deepslate_wall,64,Yes,building_blocks,None,,,,,,,
Polished Diorite,polished_diorite,64,Yes,building_blocks,None,,,,,,,
Polished Diorite Slab,polished_diorite_slab,64,Yes,building_blocks,None,,,,,,,
Polished Diorite Stairs,polished_diorite_stairs,64,Yes,building_blocks,None,,,,,,,
Polished Granite,polished_granite,64,Yes,building_blocks,None,,,,,,,
Polished Granite Slab,polished_granite_slab,64,Yes,building_blocks,None,,,,,,,
Polished Granite Stairs,polished_granite_stairs,64,Yes,building_blocks,None,,,,,,,
Polished Tuff,polished_tuff,64,Yes,building_blocks,None,,,,,,,
Polished Tuff Slab,polished_tuff_slab,64,Yes,building_blocks,None,,,,,,,
Polished Tuff Stairs,polished_tuff_stairs,64,Yes,building_blocks,None,,,,,,,
Polished Tuff Wall,polished_tuff_wall,64,Yes,building_blocks,None,,,,,,,
Popped Chorus Fruit,popped_chorus_fruit,64,No,ingredients,None,,,,,,,
Poppy,poppy,64,Yes,natural_blocks,None,,,,,,,
Porkchop,porkchop,64,No,food_and_drinks,None,,,,,,,
Potato,potato,64,No,food_and_drinks,None,,,,,,,
Powered Rail,powered_rail,64,Yes,redstone_blocks; tools_and_utilities,None,,,,,,,
Prismarine,prismarine,64,Yes,building_blocks; natural_blocks,None,,,,,,,
Prismarine Brick Slab,prismarine_brick_slab,64,Yes,building_blocks,None,,,,,,,
Prismarine Brick Stairs,prismarine_brick_stairs,64,Yes,building_blocks,None,,,,,,,
Prismarine Bricks,prismarine_bricks,64,Yes,building_blocks,None,,,,,,,
Prismarine Crystals,prismarine_crystals,64,No,ingredients,None,,,,,,,
Prismarine Shard,prismarine_shard,64,No,ingredients,None,,,,,,,
Prismarine Slab,prismarine_slab,64,Yes,building_blocks,None,,,,,,,
Prismarine Stairs,prismarine_stairs,64,Yes,building_blocks,None,,,,,,,
Prismarine Wall,prismarine_wall,64,Yes,building_blocks,None,,,,,,,
Prize Pottery Sherd,prize_pottery_sherd,64,No,ingredients,None,,,,,,,
Pufferfish,pufferfish,64,No,food_and_drinks; ingredients,None,,,,,,,
Pumpkin,pumpkin,64,Yes,natural_blocks,None,,,,,,,
Pumpkin Pie,pumpkin_pie,64,No,food_and_drinks,None,,,,,,,
Pumpkin Seeds,pumpkin_seeds,64,No,natural_blocks,None,,,,,,,
Purple Banner,purple_banner,16,Yes,colored_blocks; functional_blocks,None,,,,,,,
Purple Candle,purple_candle,64,Yes,colored_blocks; functional_blocks,None,,,,,,,
Purple Carpet,purple_carpet,64,Yes,colored_blocks,None,,,,,,,
Purple Concrete,purple_concrete,64,Yes,colored_blocks,None,,,,,,,
Purple Concrete Powder,purple_concrete_powder,64,Yes,colored_blocks,None,,,,,,,
Purple Dye,purple_dye,64,No,ingredients,None,,,,,,,
Purple Glazed Terracotta,purple_glazed_terracotta,64,Yes,colored_blocks,None,,,,,,,
Purple Stained Glass,purple_stained_glass,64,Yes,colored_blocks,None,,,,,,,
Purple Stained Glass Pane,purple_stained_glass_pane,64,Yes,colored_blocks,None,,,,,,,
Purple Terracotta,purple_terracotta,64,Yes,colored_blocks,None,,,,,,,
Purple Wool,purple_wool,64,Yes,colored_blocks,None,,,,,,,
Purpur Block,purpur_block,64,Yes,building_blocks,None,,,,,,,
Purpur Pillar,purpur_pillar,64,Yes,building_blocks,None,,,,,,,
Purpur Slab,purpur_slab,64,Yes,building_blocks,None,,,,,,,
Purpur Stairs,purpur_stairs,64,Yes,building_blocks,None,,,,,,,
Quartz,quartz,64,No,ingredients,None,,,,,,,
Quartz Block,quartz_block,64,Yes,building_blocks,None,,,,,,,
Quartz Bricks,quartz_bricks,64,Yes,building_blocks,None,,,,,,,
Quartz Pillar,quartz_pillar,64,Yes,building_blocks,None,,,,,,,
Quartz Slab,quartz_slab,64,Yes,building_blocks,None,,,,,,,
Quartz Stairs,quartz_stairs,64,Yes,building_blocks,None,,,,,,,
Rabbit,rabbit,64,No,food_and_drinks,None,,,,,,,
Rabbit Foot,rabbit_foot,64,No,ingredients,None,,,,,,,
Rabbit Hide,rabbit_hide,64,No,ingredients,None,,,,,,,
Rail,rail,64,Yes,redstone_blocks; tools_and_utilities,None,,,,,,,
Raiser Armor Trim Smithing Template,raiser_armor_trim_smithing_template,64,No,ingredients,None,,,,,,,
Raw Copper,raw_copper,64,No,ingredients,None,,,,,,,
Raw Copper Block,raw_copper_block,64,Yes,natural_blocks,None,,,,,,,
Raw Gold,raw_gold,64,No,ingredients,None,,,,,,,
Raw Gold Block,raw_gold_block,64,Yes,natural_blocks,None,,,,,,,
Raw Iron,raw_iron,64,No,ingredients,None,,,,,,,
Raw Iron Block,raw_iron_block,64,Yes,natural_blocks,None,,,,,,,
Recovery Compass,recovery_compass,64,No,tools_and_utilities,None,,,,,,,
Red Banner,red_banner,16,Yes,colored_blocks; functional_blocks,None,,,,,,,
Red Candle,red_candle,64,Yes,colored_blocks; functional_blocks,None,,,,,,,
Red Carpet,red_carpet,64,Yes,colored_blocks,None,,,,,,,
Red Concrete,red_concrete,64,Yes,colored_blocks,None,,,,,,,
Red Concrete Powder,red_concrete_powder,64,Yes,colored_blocks,None,,,,,,,
Red Dye,red_dye,64,No,ingredients,None,,,,,,,
Red Glazed Terracotta,red_glazed_terracotta,64,Yes,colored_blocks,None,,,,,,,
Red Mushroom,red_mushroom,64,Yes,natural_blocks,None,,,,,,,
Red Mushroom Block,red_mushroom_block,64,Yes,natural_blocks,None,,,,,,,
Red Nether Brick Slab,red_nether_brick_slab,64,Yes,building_blocks,None,,,,,,,
Red Nether Brick Stairs,red_nether_brick_stairs,64,Yes,building_blocks,None,,,,,,,
Red Nether Brick Wall,red_nether_brick_wall,64,Yes,building_blocks,None,,,,,,,
Red Nether Bricks,red_nether_bricks,64,Yes,building_blocks,None,,,,,,,
Red Sand,red_sand,64,Yes,natural_blocks,None,,,,,,,
Red Sandstone,red_sandstone,64,Yes,building_blocks; natural_blocks,None,,,,,,,
Red Sandstone Slab,red_sandstone_slab,64,Yes,building_blocks,None,,,,,,,
Red Sandstone Stairs,red_sandstone_stairs,64,Yes,building_blocks,None,,,,,,,
Red Sandstone Wall,red_sandstone_wall,64,Yes,building_blocks,None,,,,,,,
Red Stained Glass,red_stained_glass,64,Yes,colored_blocks,None,,,,,,,
Red Stained Glass Pane,red_stained_glass_pane,64,Yes,colored_blocks,None,,,,,,,
Red Terracotta,red_terracotta,64,Yes,colored_blocks,None,,,,,,,
Red Tulip,red_tulip,64,Yes,natural_blocks,None,,,,,,,
Red Wool,red_wool,64,Yes,colored_blocks,None,,,,,,,
Redstone,redstone,64,No,redstone_blocks; ingredients,None,,,,,,,
Redstone Block,redstone_block,64,Yes,building_blocks; redstone_blocks,None,,,,,,,
Redstone Lamp,redstone_lamp,64,Yes,functional_blocks; redstone_blocks,None,,,,,,,
Redstone Ore,redstone_ore,64,Yes,natural_blocks; redstone_blocks,None,,,,,,,
Redstone Torch,redstone_torch,64,Yes,functional_blocks; redstone_blocks,None,,,,,,,
Reinforced Deepslate,reinforced_deepslate,64,Yes,building_blocks,None,,,,,,,
Repeater,repeater,64,Yes,redstone_blocks,None,,,,,,,
Resin Block,resin_block,64,Yes,natural_blocks,None,,,,,,,
Resin Brick,resin_brick,64,No,ingredients,None,,,,,,,
Resin Brick Slab,resin_brick_slab,64,Yes,building_blocks,None,,,,,,,
Resin Brick Stairs,resin_brick_stairs,64,Yes,building_blocks,None,,,,,,,
Resin Brick Wall,resin_brick_wall,64,Yes,building_blocks,None,,,,,,,
Resin Bricks,resin_bricks,64,Yes,building_blocks,None,,,,,,,
Resin Clump,resin_clump,64,No,ingredients,None,,,,,,,
Respawn Anchor,respawn_anchor,64,Yes,functional_blocks,None,,,,,,,
Rib Armor Trim Smithing Template,rib_armor_trim_smithing_template,64,No,ingredients,None,,,,,,,
Rooted Dirt,rooted_dirt,64,Yes,natural_blocks,None,,,,,,,
Rose Bush,rose_bush,64,Yes,natural_blocks,None,,,,,,,
Rotten Flesh,rotten_flesh,64,No,food_and_drinks,None,,,,,,,
Salmon,salmon,64,No,food_and_drinks,None,,,,,,,
Sand,sand,64,Yes,natural_blocks,None,,,,,,,
Sandstone,sandstone,64,Yes,building_blocks; natural_blocks,None,,,,,,,
Sandstone Slab,sandstone_slab,64,Yes,building_blocks,None,,,,,,,
Sandstone Stairs,sandstone_stairs,64,Yes,building_blocks,None,,,,,,,
Sandstone Wall,sandstone_wall,64,Yes,building_blocks,None,,,,,,,
Scaffolding,scaffolding,64,Yes,functional_blocks,None,,,,,,,
Scrape Pottery Sherd,scrape_pottery_sherd,64,No,ingredients,None,,,,,,,
Sculk,sculk,64,Yes,natural_blocks,None,,,,,,,
Sculk Catalyst,sculk_catalyst,64,Yes,natural_blocks,None,,,,,,,
Sculk Sensor,sculk_sensor,64,Yes,natural_blocks; redstone_blocks,None,,,,,,,
Sculk Shrieker,sculk_shrieker,64,Yes,natural_blocks; redstone_blocks,None,,,,,,,
Sculk Vein,sculk_vein,64,Yes,natural_blocks,None,,,,,,,
Sea Lantern,sea_lantern,64,Yes,building_blocks; functional_blocks,None,,,,,,,
Sea Pickle,sea_pickle,64,Yes,natural_blocks,None,,,,,,,
Seagrass,seagrass,64,Yes,natural_blocks,None,,,,,,,
Sentry Armor Trim Smithing Template,sentry_armor_trim_smithing_template,64,No,ingredients,None,,,,,,,
Shaper Armor Trim Smithing Template,shaper_armor_trim_smithing_template,64,No,ingredients,None,,,,,,,
Sheaf Pottery Sherd,sheaf_pottery_sherd,64,No,ingredients,None,,,,,,,
Shelter Pottery Sherd,shelter_pottery_sherd,64,No,ingredients,None,,,,,,,
Short Dry Grass,short_dry_grass,64,Yes,natural_blocks,None,,,,,,,
Short Grass,short_grass,64,Yes,natural_blocks,None,,,,,,,
Shroomlight,shroomlight,64,Yes,natural_blocks; functional_blocks,None,,,,,,,
Shulker Shell,shulker_shell,64,No,ingredients,None,,,,,,,
Silence Armor Trim Smithing Template,silence_armor_trim_smithing_template,64,No,ingredients,None,,,,,,,
Skeleton Skull,skeleton_skull,64,Yes,functional_blocks,None,,,,,,,
Skull Pottery Sherd,skull_pottery_sherd,64,No,ingredients,None,,,,,,,
Slime Ball,slime_ball,64,No,ingredients,None,,,,,,,
Slime Block,slime_block,64,Yes,natural_blocks; redstone_blocks,None,,,,,,,
Small Amethyst Bud,small_amethyst_bud,64,Yes,natural_blocks,None,,,,,,,
Small Dripleaf,small_dripleaf,64,Yes,natural_blocks,None,,,,,,,
Smithing Table,smithing_table,64,Yes,functional_blocks,None,,,,,,,
Smoker,smoker,64,Yes,functional_blocks,None,,,,,,,
Smooth Basalt,smooth_basalt,64,Yes,building_blocks; natural_blocks,None,,,,,,,
Smooth Quartz,smooth_quartz,64,Yes,building_blocks,None,,,,,,,
Smooth Quartz Slab,smooth_quartz_slab,64,Yes,building_blocks,None,,,,,,,
Smooth Quartz Stairs,smooth_quartz_stairs,64,Yes,building_blocks,None,,,,,,,
Smooth Red Sandstone,smooth_red_sandstone,64,Yes,building_blocks,None,,,,,,,
Smooth Red Sandstone Slab,smooth_red_sandstone_slab,64,Yes,building_blocks,None,,,,,,,
Smooth Red Sandstone Stairs,smooth_red_sandstone_stairs,64,Yes,building_blocks,None,,,,,,,
Smooth Sandstone,smooth_sandstone,64,Yes,building_blocks,None,,,,,,,
Smooth Sandstone Slab,smooth_sandstone_slab,64,Yes,building_blocks,None,,,,,,,
Smooth Sandstone Stairs,smooth_sandstone_stairs,64,Yes,building_blocks,None,,,,,,,
Smooth Stone,smooth_stone,64,Yes,building_blocks,None,,,,,,,
Smooth Stone Slab,smooth_stone_slab,64,Yes,building_blocks,None,,,,,,,
Sniffer Egg,sniffer_egg,64,Yes,natural_blocks,None,,,,,,,
Snort Pottery Sherd,snort_pottery_sherd,64,No,ingredients,None,,,,,,,
Snout Armor Trim Smithing Template,snout_armor_trim_smithing_template,64,No,ingredients,None,,,,,,,
Snow,snow,64,Yes,natural_blocks,None,,,,,,,
Snow Block,snow_block,64,Yes,natural_blocks,None,,,,,,,
Snowball,snowball,16,No,combat; ingredients,None,,,,,,,
Soul Campfire,soul_campfire,64,Yes,functional_blocks,None,,,,,,,
Soul Lantern,soul_lantern,64,Yes,functional_blocks,None,,,,,,,
Soul Sand,soul_sand,64,Yes,natural_blocks,None,,,,,,,
Soul Soil,soul_soil,64,Yes,natural_blocks,None,,,,,,,
Soul Torch,soul_torch,64,Yes,functional_blocks,None,,,,,,,
Spectral Arrow,spectral_arrow,64,No,combat,None,,,,,,,
Spider Eye,spider_eye,64,No,food_and_drinks; ingredients,None,,,,,,,
Spire Armor Trim Smithing Template,spire_armor_trim_smithing_template,64,No,ingredients,None,,,,,,,
Sponge,sponge,64,Yes,natural_blocks,None,,,,,,,
Spore Blossom,spore_blossom,64,Yes,natural_blocks,None,,,,,,,
Spruce Button,spruce_button,64,Yes,building_blocks,None,,,,,,,
Spruce Door,spruce_door,64,Yes,building_blocks,None,,,,,,,
Spruce Fence,spruce_fence,64,Yes,building_blocks,None,,,,,,,
Spruce Fence Gate,spruce_fence_gate,64,Yes,building_blocks,None,,,,,,,
Spruce Hanging Sign,spruce_hanging_sign,16,Yes,functional_blocks,None,,,,,,,
Spruce Leaves,spruce_leaves,64,Yes,natural_blocks,None,,,,,,,
Spruce Log,spruce_log,64,Yes,building_blocks; natural_blocks,None,,,,,,,
Spruce Planks,spruce_planks,64,Yes,building_blocks,None,,,,,,,
Spruce Pressure Plate,spruce_pressure_plate,64,Yes,building_blocks,None,,,,,,,
Spruce Sapling,spruce_sapling,64,Yes,natural_blocks,None,,,,,,,
Spruce Sign,spruce_sign,16,Yes,functional_blocks,None,,,,,,,
Spruce Slab,spruce_slab,64,Yes,building_blocks,None,,,,,,,
Spruce Stairs,spruce_stairs,64,Yes,building_blocks,None,,,,,,,
Spruce Trapdoor,spruce_trapdoor,64,Yes,building_blocks,None,,,,,,,
Spruce Wood,spruce_wood,64,Yes,building_blocks,None,,,,,,,
Stick,stick,64,No,ingredients,None,,,,,,,
Sticky Piston,sticky_piston,64,Yes,redstone_blocks,None,,,,,,,
Stone,stone,64,Yes,building_blocks; natural_blocks,None,,,,,,,
Stone Brick Slab,stone_brick_slab,64,Yes,building_blocks,None,,,,,,,
Stone Brick Stairs,stone_brick_stairs,64,Yes,building_blocks,None,,,,,,,
Stone Brick Wall,stone_brick_wall,64,Yes,building_blocks,None,,,,,,,
Stone Bricks,stone_bricks,64,Yes,building_blocks,None,,,,,,,
Stone Button,stone_button,64,Yes,building_blocks; redstone_blocks,None,,,,,,,
Stone Pressure Plate,stone_pressure_plate,64,Yes,building_blocks; redstone_blocks,None,,,,,,,
Stone Slab,stone_slab,64,Yes,building_blocks,None,,,,,,,
Stone Stairs,stone_stairs,64,Yes,building_blocks,None,,,,,,,
Stonecutter,stonecutter,64,Yes,functional_blocks,None,,,,,,,
String,string,64,No,redstone_blocks; ingredients,None,,,,,,,
Stripped Acacia Log,stripped_acacia_log,64,Yes,building_blocks,None,,,,,,,
Stripped Acacia Wood,stripped_acacia_wood,64,Yes,building_blocks,None,,,,,,,
Stripped Bamboo Block,stripped_bamboo_block,64,Yes,building_blocks,None,,,,,,,
Stripped Birch Log,stripped_birch_log,64,Yes,building_blocks,None,,,,,,,
Stripped Birch Wood,stripped_birch_wood,64,Yes,building_blocks,None,,,,,,,
Stripped Cherry Log,stripped_cherry_log,64,Yes,building_blocks,None,,,,,,,
Stripped Cherry Wood,stripped_cherry_wood,64,Yes,building_blocks,None,,,,,,,
Stripped Crimson Hyphae,stripped_crimson_hyphae,64,Yes,building_blocks,None,,,,,,,
Stripped Crimson Stem,stripped_crimson_stem,64,Yes,building_blocks,None,,,,,,,
Stripped Dark Oak Log,stripped_dark_oak_log,64,Yes,building_blocks,None,,,,,,,
Stripped Dark Oak Wood,stripped_dark_oak_wood,64,Yes,building_blocks,None,,,,,,,
Stripped Jungle Log,stripped_jungle_log,64,Yes,building_blocks,None,,,,,,,
Stripped Jungle Wood,stripped_jungle_wood,64,Yes,building_blocks,None,,,,,,,
Stripped Mangrove Log,stripped_mangrove_log,64,Yes,building_blocks,None,,,,,,,
Stripped Mangrove Wood,stripped_mangrove_wood,64,Yes,building_blocks,None,,,,,,,
Stripped Oak Log,stripped_oak_log,64,Yes,building_blocks,None,,,,,,,
Stripped Oak Wood,stripped_oak_wood,64,Yes,building_blocks,None,,,,,,,
Stripped Pale Oak Log,stripped_pale_oak_log,64,Yes,building_blocks,None,,,,,,,
Stripped Pale Oak Wood,stripped_pale_oak_wood,64,Yes,building_blocks,None,,,,,,,
Stripped Spruce Log,stripped_spruce_log,64,Yes,building_blocks,None,,,,,,,
Stripped Spruce Wood,stripped_spruce_wood,64,Yes,building_blocks,None,,,,,,,
Stripped Warped Hyphae,stripped_warped_hyphae,64,Yes,building_blocks,None,,,,,,,
Stripped Warped Stem,stripped_warped_stem,64,Yes,building_blocks,None,,,,,,,
Sugar,sugar,64,No,ingredients,None,,,,,,,
Sugar Cane,sugar_cane,64,Yes,natural_blocks,None,,,,,,,
Sunflower,sunflower,64,Yes,natural_blocks,None,,,,,,,
Suspicious Gravel,suspicious_gravel,64,Yes,functional_blocks,None,,,,,,,
Suspicious Sand,suspicious_sand,64,Yes,functional_blocks,None,,,,,,,
Sweet Berries,sweet_berries,64,No,natural_blocks; food_and_drinks,None,,,,,,,
Tall Dry Grass,tall_dry_grass,64,Yes,natural_blocks,None,,,,,,,
Tall Grass,tall_grass,64,Yes,natural_blocks,None,,,,,,,
Target,target,64,Yes,redstone_blocks,None,,,,,,,
Terracotta,terracotta,64,Yes,colored_blocks,None,,,,,,,
Tide Armor Trim Smithing Template,tide_armor_trim_smithing_template,64,No,ingredients,None,,,,,,,
Tinted Glass,tinted_glass,64,Yes,colored_blocks; functional_blocks,None,,,,,,,
Tipped Arrow,tipped_arrow,64,No,combat,None,,,,,,,
Tnt,tnt,64,Yes,redstone_blocks; combat,None,,,,,,,
Torch,torch,64,Yes,functional_blocks,None,,,,,,,
Torchflower,torchflower,64,Yes,natural_blocks,None,,,,,,,
Torchflower Seeds,torchflower_seeds,64,No,natural_blocks,None,,,,,,,
Trapped Chest,trapped_chest,64,Yes,redstone_blocks,None,,,,,,,
Trial Key,trial_key,64,No,ingredients,None,,,,,,,
Tripwire Hook,tripwire_hook,64,Yes,redstone_blocks,None,,,,,,,
Tropical Fish,tropical_fish,64,No,food_and_drinks,None,,,,,,,
Tube Coral,tube_coral,64,Yes,natural_blocks,None,,,,,,,
Tube Coral Block,tube_coral_block,64,Yes,natural_blocks,None,,,,,,,
Tube Coral Fan,tube_coral_fan,64,Yes,natural_blocks,None,,,,,,,
Tuff,tuff,64,Yes,building_blocks; natural_blocks,None,,,,,,,
Tuff Brick Slab,tuff_brick_slab,64,Yes,building_blocks,None,,,,,,,
Tuff Brick Stairs,tuff_brick_stairs,64,Yes,building_blocks,None,,,,,,,
Tuff Brick Wall,tuff_brick_wall,64,Yes,building_blocks,None,,,,,,,
Tuff Bricks,tuff_bricks,64,Yes,building_blocks,None,,,,,,,
Tuff Slab,tuff_slab,64,Yes,building_blocks,None,,,,,,,
Tuff Stairs,tuff_stairs,64,Yes,building_blocks,None,,,,,,,
Tuff Wall,tuff_wall,64,Yes,building_blocks,None,,,,,,,
Turtle Egg,turtle_egg,64,Yes,natural_blocks,None,,,,,,,
Turtle Scute,turtle_scute,64,No,ingredients,None,,,,,,,
Twisting Vines,twisting_vines,64,Yes,natural_blocks,None,,,,,,,
Verdant Froglight,verdant_froglight,64,Yes,natural_blocks; functional_blocks,None,,,,,,,
Vex Armor Trim Smithing Template,vex_armor_trim_smithing_template,64,No,ingredients,None,,,,,,,
Vine,vine,64,Yes,natural_blocks,None,,,,,,,
Ward Armor Trim Smithing Template,ward_armor_trim_smithing_template,64,No,ingredients,None,,,,,,,
Warped Button,warped_button,64,Yes,building_blocks,None,,,,,,,
Warped Door,warped_door,64,Yes,building_blocks,None,,,,,,,
Warped Fence,warped_fence,64,Yes,building_blocks,None,,,,,,,
Warped Fence Gate,warped_fence_gate,64,Yes,building_blocks,None,,,,,,,
Warped Fungus,warped_fungus,64,Yes,natural_blocks,None,,,,,,,
Warped Hanging Sign,warped_hanging_sign,16,Yes,functional_blocks,None,,,,,,,
Warped Hyphae,warped_hyphae,64,Yes,building_blocks,None,,,,,,,
Warped Nylium,warped_nylium,64,Yes,natural_blocks,None,,,,,,,
Warped Planks,warped_planks,64,Yes,building_blocks,None,,,,,,,
Warped Pressure Plate,warped_pressure_plate,64,Yes,building_blocks,None,,,,,,,
Warped Roots,warped_roots,64,Yes,natural_blocks,None,,,,,,,
Warped Sign,warped_sign,16,Yes,functional_blocks,None,,,,,,,
Warped Slab,warped_slab,64,Yes,building_blocks,None,,,,,,,
Warped Stairs,warped_stairs,64,Yes,building_blocks,None,,,,,,,
Warped Stem,warped_stem,64,Yes,building_blocks; natural_blocks,None,,,,,,,
Warped Trapdoor,warped_trapdoor,64,Yes,building_blocks,None,,,,,,,
Warped Wart Block,warped_wart_block,64,Yes,natural_blocks,None,,,,,,,
Waxed Chiseled Copper,waxed_chiseled_copper,64,Yes,building_blocks,None,,,,,,,
Waxed Copper Block,waxed_copper_block,64,Yes,building_blocks,None,,,,,,,
Waxed Copper Bulb,waxed_copper_bulb,64,Yes,building_blocks; functional_blocks; redstone_blocks,None,,,,,,,
Waxed Copper Door,waxed_copper_door,64,Yes,building_blocks,None,,,,,,,
Waxed Copper Grate,waxed_copper_grate,64,Yes,building_blocks,None,,,,,,,
Waxed Copper Trapdoor,waxed_copper_trapdoor,64,Yes,building_blocks,None,,,,,,,
Waxed Cut Copper,waxed_cut_copper,64,Yes,building_blocks,None,,,,,,,
Waxed Cut Copper Slab,waxed_cut_copper_slab,64,Yes,building_blocks,None,,,,,,,
Waxed Cut Copper Stairs,waxed_cut_copper_stairs,64,Yes,building_blocks,None,,,,,,,
Waxed Exposed Chiseled Copper,waxed_exposed_chiseled_copper,64,Yes,building_blocks,None,,,,,,,
Waxed Exposed Copper,waxed_exposed_copper,64,Yes,building_blocks,None,,,,,,,
Waxed Exposed Copper Bulb,waxed_exposed_copper_bulb,64,Yes,building_blocks; functional_blocks; redstone_blocks,None,,,,,,,
Waxed Exposed Copper Door,waxed_exposed_copper_door,64,Yes,building_blocks,None,,,,,,,
Waxed Exposed Copper Grate,waxed_exposed_copper_grate,64,Yes,building_blocks,None,,,,,,,
Waxed Exposed Copper Trapdoor,waxed_exposed_copper_trapdoor,64,Yes,building_blocks,None,,,,,,,
Waxed Exposed Cut Copper,waxed_exposed_cut_copper,64,Yes,building_blocks,None,,,,,,,
Waxed Exposed Cut Copper Slab,waxed_exposed_cut_copper_slab,64,Yes,building_blocks,None,,,,,,,
Waxed Exposed Cut Copper Stairs,waxed_exposed_cut_copper_stairs,64,Yes,building_blocks,None,,,,,,,
Waxed Oxidized Chiseled Copper,waxed_oxidized_chiseled_copper,64,Yes,building_blocks,None,,,,,,,
Waxed Oxidized Copper,waxed_oxidized_copper,64,Yes,building_blocks,None,,,,,,,
Waxed Oxidized Copper Bulb,waxed_oxidized_copper_bulb,64,Yes,building_blocks; functional_blocks; redstone_blocks,None,,,,,,,
Waxed Oxidized Copper Door,waxed_oxidized_copper_door,64,Yes,building_blocks,None,,,,,,,
Waxed Oxidized Copper Grate,waxed_oxidized_copper_grate,64,Yes,building_blocks,None,,,,,,,
Waxed Oxidized Copper Trapdoor,waxed_oxidized_copper_trapdoor,64,Yes,building_blocks,None,,,,,,,
Waxed Oxidized Cut Copper,waxed_oxidized_cut_copper,64,Yes,building_blocks,None,,,,,,,
Waxed Oxidized Cut Copper Slab,waxed_oxidized_cut_copper_slab,64,Yes,building_blocks,None,,,,,,,
Waxed Oxidized Cut Copper Stairs,waxed_oxidized_cut_copper_stairs,64,Yes,building_blocks,None,,,,,,,
Waxed Weathered Chiseled Copper,waxed_weathered_chiseled_copper,64,Yes,building_blocks,None,,,,,,,
Waxed Weathered Copper,waxed_weathered_copper,64,Yes,building_blocks,None,,,,,,,
Waxed Weathered Copper Bulb,waxed_weathered_copper_bulb,64,Yes,building_blocks; functional_blocks; redstone_blocks,None,,,,,,,
Waxed Weathered Copper Door,waxed_weathered_copper_door,64,Yes,building_blocks,None,,,,,,,
Waxed Weathered Copper Grate,waxed_weathered_copper_grate,64,Yes,building_blocks,None,,,,,,,
Waxed Weathered Copper Trapdoor,waxed_weathered_copper_trapdoor,64,Yes,building_blocks,None,,,,,,,
Waxed Weathered Cut Copper,waxed_weathered_cut_copper,64,Yes,building_blocks,None,,,,,,,
Waxed Weathered Cut Copper Slab,waxed_weathered_cut_copper_slab,64,Yes,building_blocks,None,,,,,,,
Waxed Weathered Cut Copper Stairs,waxed_weathered_cut_copper_stairs,64,Yes,building_blocks,None,,,,,,,
Wayfinder Armor Trim Smithing Template,wayfinder_armor_trim_smithing_template,64,No,ingredients,None,,,,,,,
Weathered Chiseled Copper,weathered_chiseled_copper,64,Yes,building_blocks,None,,,,,,,
Weathered Copper,weathered_copper,64,Yes,building_blocks,None,,,,,,,
Weathered Copper Bulb,weathered_copper_bulb,64,Yes,building_blocks; functional_blocks,None,,,,,,,
Weathered Copper Door,weathered_copper_door,64,Yes,building_blocks,None,,,,,,,
Weathered Copper Grate,weathered_copper_grate,64,Yes,building_blocks,None,,,,,,,
Weathered Copper Trapdoor,weathered_copper_trapdoor,64,Yes,building_blocks,None,,,,,,,
Weathered Cut Copper,weathered_cut_copper,64,Yes,building_blocks,None,,,,,,,
Weathered Cut Copper Slab,weathered_cut_copper_slab,64,Yes,building_blocks,None,,,,,,,
Weathered Cut Copper Stairs,weathered_cut_copper_stairs,64,Yes,building_blocks,None,,,,,,,
Weeping Vines,weeping_vines,64,Yes,natural_blocks,None,,,,,,,
Wet Sponge,wet_sponge,64,Yes,natural_blocks,None,,,,,,,
Wheat,wheat,64,No,ingredients,None,,,,,,,
Wheat Seeds,wheat_seeds,64,No,natural_blocks,None,,,,,,,
White Banner,white_banner,16,Yes,colored_blocks; functional_blocks,None,,,,,,,
White Candle,white_candle,64,Yes,colored_blocks; functional_blocks,None,,,,,,,
White Carpet,white_carpet,64,Yes,colored_blocks,None,,,,,,,
White Concrete,white_concrete,64,Yes,colored_blocks,None,,,,,,,
White Concrete Powder,white_concrete_powder,64,Yes,colored_blocks,None,,,,,,,
White Dye,white_dye,64,No,ingredients,None,,,,,,,
White Glazed Terracotta,white_glazed_terracotta,64,Yes,colored_blocks,None,,,,,,,
White Stained Glass,white_stained_glass,64,Yes,colored_blocks,None,,,,,,,
White Stained Glass Pane,white_stained_glass_pane,64,Yes,colored_blocks,None,,,,,,,
White Terracotta,white_terracotta,64,Yes,colored_blocks,None,,,,,,,
White Tulip,white_tulip,64,Yes,natural_blocks,None,,,,,,,
White Wool,white_wool,64,Yes,colored_blocks; redstone_blocks,None,,,,,,,
Wild Armor Trim Smithing Template,wild_armor_trim_smithing_template,64,No,ingredients,None,,,,,,,
Wildflowers,wildflowers,64,Yes,natural_blocks,None,,,,,,,
Wind Charge,wind_charge,64,No,tools_and_utilities; combat,None,,,,,,,
Wither Rose,wither_rose,64,Yes,natural_blocks,None,,,,,,,
Wither Skeleton Skull,wither_skeleton_skull,64,Yes,functional_blocks,None,,,,,,,
Yellow Banner,yellow_banner,16,Yes,colored_blocks; functional_blocks,None,,,,,,,
Yellow Candle,yellow_candle,64,Yes,colored_blocks; functional_blocks,None,,,,,,,
Yellow Carpet,yellow_carpet,64,Yes,colored_blocks,None,,,,,,,
Yellow Concrete,yellow_concrete,64,Yes,colored_blocks,None,,,,,,,
Yellow Concrete Powder,yellow_concrete_powder,64,Yes,colored_blocks,None,,,,,,,
Yellow Dye,yellow_dye,64,No,ingredients,None,,,,,,,
Yellow Glazed Terracotta,yellow_glazed_terracotta,64,Yes,colored_blocks,None,,,,,,,
Yellow Stained Glass,yellow_stained_glass,64,Yes,colored_blocks,None,,,,,,,
Yellow Stained Glass Pane,yellow_stained_glass_pane,64,Yes,colored_blocks,None,,,,,,,
Yellow Terracotta,yellow_terracotta,64,Yes,colored_blocks,None,,,,,,,
Yellow Wool,yellow_wool,64,Yes,colored_blocks,None,,,,,,,
Zombie Head,zombie_head,64,Yes,functional_blocks,None,,,,,,,
